Vehicle Number,Violation Type,Timestamp,Location,Latitude,Longitude,Confidence Score,Vehicle ID,Frame Number,Time Slot,Riders Count
UNKNOWN,Signal Jumping,2026-05-19 20:30:43,Junction A,18.5204,73.8567,0.95,,,,
UNKNOWN,Signal Jumping,2026-05-19 20:30:49,Junction A,18.5204,73.8567,0.95,,,,
UNKNOWN,Signal Jumping,2026-05-19 20:31:00,Junction A,18.5204,73.8567,0.95,,,,
UNKNOWN,Triple Riding,2026-05-19 20:36:26,Junction A,18.5204,73.8567,0.9,,,,
UNKNOWN,Signal Jumping,2026-05-19 20:36:32,Junction A,18.5204,73.8567,0.95,,,,
UNKNOWN,Signal Jumping,2026-05-19 20:36:39,Junction A,18.5204,73.8567,0.95,,,,
UNKNOWN,Signal Jumping,2026-05-19 20:36:55,Junction A,18.5204,73.8567,0.95,,,,
UNKNOWN,Triple Riding,2026-05-19 20:37:03,Junction A,18.5204,73.8567,0.9,,,,
UNKNOWN,Triple Riding,2026-05-19 20:37:06,Junction A,18.5204,73.8567,0.9,,,,
UNKNOWN,Triple Riding,2026-05-19 20:37:10,Junction A,18.5204,73.8567,0.9,,,,
UNKNOWN,Signal Jumping,2026-05-19 20:37:12,Junction A,18.5204,73.8567,0.95,,,,
UNKNOWN,Signal Jumping,2026-05-19 20:37:22,Junction A,18.5204,73.8567,0.95,,,,
UNKNOWN,Triple Riding,2026-05-19 20:37:25,Junction A,18.5204,73.8567,0.9,,,,
UNKNOWN,Triple Riding,2026-05-19 20:37:26,Junction A,18.5204,73.8567,0.9,,,,
UNKNOWN,Triple Riding,2026-05-19 20:37:27,Junction A,18.5204,73.8567,0.9,,,,
UNKNOWN,Triple Riding,2026-05-19 20:37:28,Junction A,18.5204,73.8567,0.9,,,,
UNKNOWN,Triple Riding,2026-05-19 20:37:28,Junction A,18.5204,73.8567,0.9,,,,
UNKNOWN,Triple Riding,2026-05-19 20:37:28,Junction A,18.5204,73.8567,0.9,,,,
UNKNOWN,Triple Riding,2026-05-19 20:37:29,Junction A,18.5204,73.8567,0.9,,,,
UNKNOWN,Triple Riding,2026-05-19 20:37:30,Junction A,18.5204,73.8567,0.9,,,,
UNKNOWN,Triple Riding,2026-05-19 20:37:30,Junction A,18.5204,73.8567,0.9,,,,
UNKNOWN,Triple Riding,2026-05-19 20:37:31,Junction A,18.5204,73.8567,0.9,,,,
UNKNOWN,Signal Jumping,2026-05-19 20:37:32,Junction A,18.5204,73.8567,0.95,,,,
UNKNOWN,Triple Riding,2026-05-19 20:37:32,Junction A,18.5204,73.8567,0.9,,,,
UNKNOWN,Triple Riding,2026-05-19 20:37:32,Junction A,18.5204,73.8567,0.9,,,,
UNKNOWN,Triple Riding,2026-05-19 20:37:33,Junction A,18.5204,73.8567,0.9,,,,
UNKNOWN,Triple Riding,2026-05-19 20:37:33,Junction A,18.5204,73.8567,0.9,,,,
UNKNOWN,Triple Riding,2026-05-19 20:37:33,Junction A,18.5204,73.8567,0.9,,,,
UNKNOWN,Triple Riding,2026-05-19 20:37:34,Junction A,18.5204,73.8567,0.9,,,,
UNKNOWN,Triple Riding,2026-05-19 20:37:35,Junction A,18.5204,73.8567,0.9,,,,
UNKNOWN,Triple Riding,2026-05-19 20:37:36,Junction A,18.5204,73.8567,0.9,,,,
UNKNOWN,Triple Riding,2026-05-19 20:37:36,Junction A,18.5204,73.8567,0.9,,,,
UNKNOWN,Triple Riding,2026-05-19 20:37:36,Junction A,18.5204,73.8567,0.9,,,,
UNKNOWN,Triple Riding,2026-05-19 20:37:37,Junction A,18.5204,73.8567,0.9,,,,
UNKNOWN,Triple Riding,2026-05-19 20:37:37,Junction A,18.5204,73.8567,0.9,,,,
UNKNOWN,Triple Riding,2026-05-19 20:37:37,Junction A,18.5204,73.8567,0.9,,,,
UNKNOWN,Triple Riding,2026-05-19 20:37:38,Junction A,18.5204,73.8567,0.9,,,,
UNKNOWN,Triple Riding,2026-05-19 20:37:42,Junction A,18.5204,73.8567,0.9,,,,
UNKNOWN,Signal Jumping,2026-05-19 20:37:50,Junction A,18.5204,73.8567,0.95,,,,
UNKNOWN,Signal Jumping,2026-05-19 20:37:51,Junction A,18.5204,73.8567,0.95,,,,
UNKNOWN,Signal Jumping,2026-05-19 20:38:00,Junction A,18.5204,73.8567,0.95,,,,
UNKNOWN,Signal Jumping,2026-05-19 20:38:02,Junction A,18.5204,73.8567,0.95,,,,
UNKNOWN,Triple Riding,2026-05-19 20:38:06,Junction A,18.5204,73.8567,0.9,,,,
UNKNOWN,Signal Jumping,2026-05-19 20:38:06,Junction A,18.5204,73.8567,0.95,,,,
UNKNOWN,Triple Riding,2026-05-19 20:38:08,Junction A,18.5204,73.8567,0.9,,,,
UNKNOWN,Triple Riding,2026-05-19 20:38:08,Junction A,18.5204,73.8567,0.9,,,,
UNKNOWN,Triple Riding,2026-05-19 20:38:09,Junction A,18.5204,73.8567,0.9,,,,
UNKNOWN,Triple Riding,2026-05-19 20:38:10,Junction A,18.5204,73.8567,0.9,,,,
UNKNOWN,Triple Riding,2026-05-19 20:38:17,Junction A,18.5204,73.8567,0.9,,,,
UNKNOWN,Signal Jumping,2026-05-19 20:38:19,Junction A,18.5204,73.8567,0.95,,,,
UNKNOWN,Signal Jumping,2026-05-19 20:38:22,Junction A,18.5204,73.8567,0.95,,,,
UNKNOWN,Signal Jumping,2026-05-19 20:38:28,Junction A,18.5204,73.8567,0.95,,,,
UNKNOWN,Triple Riding,2026-05-19 20:38:34,Junction A,18.5204,73.8567,0.9,,,,
UNKNOWN,Triple Riding,2026-05-19 20:38:35,Junction A,18.5204,73.8567,0.9,,,,
UNKNOWN,Signal Jumping,2026-05-19 20:38:35,Junction A,18.5204,73.8567,0.95,,,,
UNKNOWN,Triple Riding,2026-05-19 20:38:35,Junction A,18.5204,73.8567,0.9,,,,
UNKNOWN,Triple Riding,2026-05-19 20:38:36,Junction A,18.5204,73.8567,0.9,,,,
UNKNOWN,Triple Riding,2026-05-19 20:38:37,Junction A,18.5204,73.8567,0.9,,,,
UNKNOWN,Signal Jumping,2026-05-19 20:38:38,Junction A,18.5204,73.8567,0.95,,,,
UNKNOWN,Signal Jumping,2026-05-19 20:38:39,Junction A,18.5204,73.8567,0.95,,,,
UNKNOWN,Triple Riding,2026-05-19 20:38:39,Junction A,18.5204,73.8567,0.9,,,,
UNKNOWN,Triple Riding,2026-05-19 20:38:40,Junction A,18.5204,73.8567,0.9,,,,
UNKNOWN,Triple Riding,2026-05-19 20:38:41,Junction A,18.5204,73.8567,0.9,,,,
UNKNOWN,Signal Jumping,2026-05-19 20:38:41,Junction A,18.5204,73.8567,0.95,,,,
UNKNOWN,Triple Riding,2026-05-19 20:38:42,Junction A,18.5204,73.8567,0.9,,,,
UNKNOWN,Triple Riding,2026-05-19 20:38:42,Junction A,18.5204,73.8567,0.9,,,,
UNKNOWN,Triple Riding,2026-05-19 20:38:43,Junction A,18.5204,73.8567,0.9,,,,
UNKNOWN,Triple Riding,2026-05-19 20:38:44,Junction A,18.5204,73.8567,0.9,,,,
UNKNOWN,Triple Riding,2026-05-19 20:38:44,Junction A,18.5204,73.8567,0.9,,,,
UNKNOWN,Triple Riding,2026-05-19 20:38:45,Junction A,18.5204,73.8567,0.9,,,,
UNKNOWN,Signal Jumping,2026-05-19 20:38:49,Junction A,18.5204,73.8567,0.95,,,,
UNKNOWN,Triple Riding,2026-05-19 20:39:35,Junction A,18.5204,73.8567,0.9,,,,
UNKNOWN,Signal Jumping,2026-05-19 20:39:42,Junction A,18.5204,73.8567,0.95,,,,
UNKNOWN,Signal Jumping,2026-05-19 20:39:51,Junction A,18.5204,73.8567,0.95,,,,
UNKNOWN,Triple Riding,2026-05-19 20:46:19,Junction A,18.5204,73.8567,0.9,,,,
UNKNOWN,Signal Jumping,2026-05-19 20:46:22,Junction A,18.5204,73.8567,0.95,,,,
UNKNOWN,No Helmet,2026-05-19 20:46:23,Junction A,18.5204,73.8567,0.3501791656017303,,,,
UNKNOWN,No Helmet,2026-05-19 20:46:25,Junction A,18.5204,73.8567,0.3869933784008026,,,,
UNKNOWN,Signal Jumping,2026-05-19 20:46:25,Junction A,18.5204,73.8567,0.95,,,,
UNKNOWN,No Helmet,2026-05-19 20:46:26,Junction A,18.5204,73.8567,0.4688635170459747,,,,
UNKNOWN,No Helmet,2026-05-19 20:46:33,Junction A,18.5204,73.8567,0.3657220005989074,,,,
UNKNOWN,Signal Jumping,2026-05-19 20:46:33,Junction A,18.5204,73.8567,0.95,,,,
UNKNOWN,No Helmet,2026-05-19 20:46:34,Junction A,18.5204,73.8567,0.2704917192459106,,,,
UNKNOWN,Triple Riding,2026-05-19 20:46:36,Junction A,18.5204,73.8567,0.9,,,,
UNKNOWN,Triple Riding,2026-05-19 20:46:37,Junction A,18.5204,73.8567,0.9,,,,
UNKNOWN,Triple Riding,2026-05-19 20:46:38,Junction A,18.5204,73.8567,0.9,,,,
UNKNOWN,Signal Jumping,2026-05-19 20:46:39,Junction A,18.5204,73.8567,0.95,,,,
UNKNOWN,Triple Riding,2026-05-19 20:47:15,Junction A,18.5204,73.8567,0.9,,,,
UNKNOWN,Triple Riding,2026-05-19 20:47:15,Junction A,18.5204,73.8567,0.9,,,,
UNKNOWN,Triple Riding,2026-05-19 20:47:15,Junction A,18.5204,73.8567,0.9,,,,
UNKNOWN,Triple Riding,2026-05-19 20:47:16,Junction A,18.5204,73.8567,0.9,,,,
UNKNOWN,Triple Riding,2026-05-19 20:47:16,Junction A,18.5204,73.8567,0.9,,,,
UNKNOWN,Triple Riding,2026-05-19 20:47:16,Junction A,18.5204,73.8567,0.9,,,,
UNKNOWN,Triple Riding,2026-05-19 20:47:16,Junction A,18.5204,73.8567,0.9,,,,
UNKNOWN,Triple Riding,2026-05-19 20:47:16,Junction A,18.5204,73.8567,0.9,,,,
UNKNOWN,Triple Riding,2026-05-19 20:47:16,Junction A,18.5204,73.8567,0.9,,,,
UNKNOWN,Triple Riding,2026-05-19 20:47:16,Junction A,18.5204,73.8567,0.9,,,,
UNKNOWN,Triple Riding,2026-05-19 20:47:16,Junction A,18.5204,73.8567,0.9,,,,
UNKNOWN,Triple Riding,2026-05-19 20:47:16,Junction A,18.5204,73.8567,0.9,,,,
UNKNOWN,No Helmet,2026-05-19 20:47:16,Junction A,18.5204,73.8567,0.3618570268154144,,,,
UNKNOWN,Signal Jumping,2026-05-19 20:47:16,Junction A,18.5204,73.8567,0.95,,,,
UNKNOWN,No Helmet,2026-05-19 20:47:17,Junction A,18.5204,73.8567,0.3625417351722717,,,,
UNKNOWN,Signal Jumping,2026-05-19 20:47:17,Junction A,18.5204,73.8567,0.95,,,,
UNKNOWN,No Helmet,2026-05-19 20:47:17,Junction A,18.5204,73.8567,0.3612254559993744,,,,
UNKNOWN,Signal Jumping,2026-05-19 20:47:17,Junction A,18.5204,73.8567,0.95,,,,
UNKNOWN,Triple Riding,2026-05-19 20:47:18,Junction A,18.5204,73.8567,0.9,,,,
UNKNOWN,Triple Riding,2026-05-19 20:47:18,Junction A,18.5204,73.8567,0.9,,,,
UNKNOWN,Triple Riding,2026-05-19 20:47:18,Junction A,18.5204,73.8567,0.9,,,,
UNKNOWN,Triple Riding,2026-05-19 20:47:18,Junction A,18.5204,73.8567,0.9,,,,
UNKNOWN,No Helmet,2026-05-19 20:47:19,Junction A,18.5204,73.8567,0.4727064967155456,,,,
UNKNOWN,Triple Riding,2026-05-19 20:47:20,Junction A,18.5204,73.8567,0.9,,,,
UNKNOWN,Triple Riding,2026-05-19 20:47:20,Junction A,18.5204,73.8567,0.9,,,,
UNKNOWN,Triple Riding,2026-05-19 20:47:20,Junction A,18.5204,73.8567,0.9,,,,
UNKNOWN,No Helmet,2026-05-19 20:47:20,Junction A,18.5204,73.8567,0.431123673915863,,,,
UNKNOWN,No Helmet,2026-05-19 20:47:20,Junction A,18.5204,73.8567,0.2513673007488251,,,,
UNKNOWN,Triple Riding,2026-05-19 20:47:21,Junction A,18.5204,73.8567,0.9,,,,
UNKNOWN,No Helmet,2026-05-19 20:47:21,Junction A,18.5204,73.8567,0.6455946564674377,,,,
UNKNOWN,No Helmet,2026-05-19 20:47:21,Junction A,18.5204,73.8567,0.2905757129192352,,,,
UNKNOWN,Triple Riding,2026-05-19 20:47:22,Junction A,18.5204,73.8567,0.9,,,,
UNKNOWN,No Helmet,2026-05-19 20:47:23,Junction A,18.5204,73.8567,0.4381993412971496,,,,
UNKNOWN,No Helmet,2026-05-19 20:47:23,Junction A,18.5204,73.8567,0.4333626627922058,,,,
UNKNOWN,Triple Riding,2026-05-19 20:47:24,Junction A,18.5204,73.8567,0.9,,,,
UNKNOWN,Triple Riding,2026-05-19 20:47:24,Junction A,18.5204,73.8567,0.9,,,,
UNKNOWN,No Helmet,2026-05-19 20:47:24,Junction A,18.5204,73.8567,0.492747813463211,,,,
UNKNOWN,Triple Riding,2026-05-19 20:47:25,Junction A,18.5204,73.8567,0.9,,,,
UNKNOWN,Triple Riding,2026-05-19 20:47:25,Junction A,18.5204,73.8567,0.9,,,,
UNKNOWN,No Helmet,2026-05-19 20:47:25,Junction A,18.5204,73.8567,0.4239846765995025,,,,
UNKNOWN,Triple Riding,2026-05-19 20:47:26,Junction A,18.5204,73.8567,0.9,,,,
UNKNOWN,Triple Riding,2026-05-19 20:47:26,Junction A,18.5204,73.8567,0.9,,,,
UNKNOWN,No Helmet,2026-05-19 20:47:27,Junction A,18.5204,73.8567,0.5405877828598022,,,,
UNKNOWN,No Helmet,2026-05-19 20:47:27,Junction A,18.5204,73.8567,0.4118652641773224,,,,
UNKNOWN,Triple Riding,2026-05-19 20:47:28,Junction A,18.5204,73.8567,0.9,,,,
UNKNOWN,Triple Riding,2026-05-19 20:47:28,Junction A,18.5204,73.8567,0.9,,,,
UNKNOWN,No Helmet,2026-05-19 20:47:28,Junction A,18.5204,73.8567,0.3937353193759918,,,,
UNKNOWN,Triple Riding,2026-05-19 20:47:29,Junction A,18.5204,73.8567,0.9,,,,
UNKNOWN,Triple Riding,2026-05-19 20:47:29,Junction A,18.5204,73.8567,0.9,,,,
UNKNOWN,No Helmet,2026-05-19 20:47:29,Junction A,18.5204,73.8567,0.3787916004657745,,,,
UNKNOWN,Triple Riding,2026-05-19 20:47:30,Junction A,18.5204,73.8567,0.9,,,,
UNKNOWN,Triple Riding,2026-05-19 20:47:30,Junction A,18.5204,73.8567,0.9,,,,
UNKNOWN,Triple Riding,2026-05-19 20:47:30,Junction A,18.5204,73.8567,0.9,,,,
UNKNOWN,Triple Riding,2026-05-19 20:47:30,Junction A,18.5204,73.8567,0.9,,,,
UNKNOWN,No Helmet,2026-05-19 20:47:31,Junction A,18.5204,73.8567,0.6965847611427307,,,,
UNKNOWN,Triple Riding,2026-05-19 20:47:32,Junction A,18.5204,73.8567,0.9,,,,
UNKNOWN,Triple Riding,2026-05-19 20:47:32,Junction A,18.5204,73.8567,0.9,,,,
UNKNOWN,Triple Riding,2026-05-19 20:47:32,Junction A,18.5204,73.8567,0.9,,,,
UNKNOWN,Triple Riding,2026-05-19 20:47:32,Junction A,18.5204,73.8567,0.9,,,,
UNKNOWN,No Helmet,2026-05-19 20:47:32,Junction A,18.5204,73.8567,0.5330936312675476,,,,
UNKNOWN,No Helmet,2026-05-19 20:47:32,Junction A,18.5204,73.8567,0.2505030632019043,,,,
UNKNOWN,Triple Riding,2026-05-19 20:47:34,Junction A,18.5204,73.8567,0.9,,,,
UNKNOWN,Triple Riding,2026-05-19 20:47:34,Junction A,18.5204,73.8567,0.9,,,,
UNKNOWN,Triple Riding,2026-05-19 20:47:34,Junction A,18.5204,73.8567,0.9,,,,
UNKNOWN,No Helmet,2026-05-19 20:47:34,Junction A,18.5204,73.8567,0.6890377998352051,,,,
UNKNOWN,No Helmet,2026-05-19 20:47:34,Junction A,18.5204,73.8567,0.2580010592937469,,,,
UNKNOWN,Triple Riding,2026-05-19 20:47:35,Junction A,18.5204,73.8567,0.9,,,,
UNKNOWN,Triple Riding,2026-05-19 20:47:35,Junction A,18.5204,73.8567,0.9,,,,
UNKNOWN,Triple Riding,2026-05-19 20:47:35,Junction A,18.5204,73.8567,0.9,,,,
UNKNOWN,No Helmet,2026-05-19 20:47:35,Junction A,18.5204,73.8567,0.35476154088974,,,,
UNKNOWN,Triple Riding,2026-05-19 20:47:36,Junction A,18.5204,73.8567,0.9,,,,
UNKNOWN,No Helmet,2026-05-19 20:47:36,Junction A,18.5204,73.8567,0.3925908505916595,,,,
UNKNOWN,Triple Riding,2026-05-19 20:47:37,Junction A,18.5204,73.8567,0.9,,,,
UNKNOWN,No Helmet,2026-05-19 20:47:38,Junction A,18.5204,73.8567,0.605322539806366,,,,
UNKNOWN,Triple Riding,2026-05-19 20:47:39,Junction A,18.5204,73.8567,0.9,,,,
UNKNOWN,No Helmet,2026-05-19 20:47:39,Junction A,18.5204,73.8567,0.4094942808151245,,,,
UNKNOWN,No Helmet,2026-05-19 20:47:39,Junction A,18.5204,73.8567,0.2869731187820434,,,,
UNKNOWN,No Helmet,2026-05-19 20:47:40,Junction A,18.5204,73.8567,0.412136822938919,,,,
UNKNOWN,No Helmet,2026-05-19 20:47:42,Junction A,18.5204,73.8567,0.3335224986076355,,,,
UNKNOWN,No Helmet,2026-05-19 20:47:42,Junction A,18.5204,73.8567,0.2974801063537597,,,,
UNKNOWN,No Helmet,2026-05-19 20:47:43,Junction A,18.5204,73.8567,0.4497291445732116,,,,
UNKNOWN,No Helmet,2026-05-19 20:47:44,Junction A,18.5204,73.8567,0.4876331090927124,,,,
UNKNOWN,Triple Riding,2026-05-19 20:47:45,Junction A,18.5204,73.8567,0.9,,,,
UNKNOWN,No Helmet,2026-05-19 20:47:46,Junction A,18.5204,73.8567,0.4183538854122162,,,,
UNKNOWN,Triple Riding,2026-05-19 20:47:47,Junction A,18.5204,73.8567,0.9,,,,
UNKNOWN,No Helmet,2026-05-19 20:47:47,Junction A,18.5204,73.8567,0.3658674657344818,,,,
UNKNOWN,No Helmet,2026-05-19 20:47:47,Junction A,18.5204,73.8567,0.3214905858039856,,,,
UNKNOWN,No Helmet,2026-05-19 20:47:47,Junction A,18.5204,73.8567,0.2606340944766998,,,,
UNKNOWN,Triple Riding,2026-05-19 20:47:48,Junction A,18.5204,73.8567,0.9,,,,
UNKNOWN,No Helmet,2026-05-19 20:47:48,Junction A,18.5204,73.8567,0.3712561726570129,,,,
UNKNOWN,Signal Jumping,2026-05-19 20:47:48,Junction A,18.5204,73.8567,0.95,,,,
UNKNOWN,No Helmet,2026-05-19 20:47:50,Junction A,18.5204,73.8567,0.4042768180370331,,,,
UNKNOWN,No Helmet,2026-05-19 20:47:51,Junction A,18.5204,73.8567,0.4230419993400574,,,,
UNKNOWN,Triple Riding,2026-05-19 20:47:52,Junction A,18.5204,73.8567,0.9,,,,
UNKNOWN,Triple Riding,2026-05-19 20:47:52,Junction A,18.5204,73.8567,0.9,,,,
UNKNOWN,No Helmet,2026-05-19 20:47:52,Junction A,18.5204,73.8567,0.4474829137325287,,,,
UNKNOWN,Triple Riding,2026-05-19 20:47:53,Junction A,18.5204,73.8567,0.9,,,,
UNKNOWN,Triple Riding,2026-05-19 20:47:53,Junction A,18.5204,73.8567,0.9,,,,
UNKNOWN,No Helmet,2026-05-19 20:47:53,Junction A,18.5204,73.8567,0.2897960543632507,,,,
UNKNOWN,Triple Riding,2026-05-19 20:47:54,Junction A,18.5204,73.8567,0.9,,,,
UNKNOWN,Triple Riding,2026-05-19 20:47:54,Junction A,18.5204,73.8567,0.9,,,,
UNKNOWN,No Helmet,2026-05-19 20:47:55,Junction A,18.5204,73.8567,0.5668314695358276,,,,
UNKNOWN,No Helmet,2026-05-19 20:47:55,Junction A,18.5204,73.8567,0.3148708343505859,,,,
UNKNOWN,Triple Riding,2026-05-19 20:47:55,Junction A,18.5204,73.8567,0.9,,,,
UNKNOWN,Triple Riding,2026-05-19 20:47:55,Junction A,18.5204,73.8567,0.9,,,,
UNKNOWN,Triple Riding,2026-05-19 20:47:55,Junction A,18.5204,73.8567,0.9,,,,
UNKNOWN,No Helmet,2026-05-19 20:47:56,Junction A,18.5204,73.8567,0.3624223172664642,,,,
UNKNOWN,Triple Riding,2026-05-19 20:47:57,Junction A,18.5204,73.8567,0.9,,,,
UNKNOWN,Triple Riding,2026-05-19 20:47:57,Junction A,18.5204,73.8567,0.9,,,,
UNKNOWN,Triple Riding,2026-05-19 20:47:57,Junction A,18.5204,73.8567,0.9,,,,
UNKNOWN,Triple Riding,2026-05-19 20:47:58,Junction A,18.5204,73.8567,0.9,,,,
UNKNOWN,Triple Riding,2026-05-19 20:47:58,Junction A,18.5204,73.8567,0.9,,,,
UNKNOWN,No Helmet,2026-05-19 20:47:58,Junction A,18.5204,73.8567,0.3858430385589599,,,,
UNKNOWN,No Helmet,2026-05-19 20:47:58,Junction A,18.5204,73.8567,0.2980873584747314,,,,
UNKNOWN,Triple Riding,2026-05-19 20:47:59,Junction A,18.5204,73.8567,0.9,,,,
UNKNOWN,Triple Riding,2026-05-19 20:47:59,Junction A,18.5204,73.8567,0.9,,,,
UNKNOWN,No Helmet,2026-05-19 20:48:00,Junction A,18.5204,73.8567,0.432263970375061,,,,
UNKNOWN,No Helmet,2026-05-19 20:48:00,Junction A,18.5204,73.8567,0.3122366666793823,,,,
UNKNOWN,Triple Riding,2026-05-19 20:48:00,Junction A,18.5204,73.8567,0.9,,,,
UNKNOWN,Triple Riding,2026-05-19 20:48:00,Junction A,18.5204,73.8567,0.9,,,,
UNKNOWN,No Helmet,2026-05-19 20:48:01,Junction A,18.5204,73.8567,0.4783106446266174,,,,
UNKNOWN,Triple Riding,2026-05-19 20:48:02,Junction A,18.5204,73.8567,0.9,,,,
UNKNOWN,Triple Riding,2026-05-19 20:48:02,Junction A,18.5204,73.8567,0.9,,,,
UNKNOWN,No Helmet,2026-05-19 20:48:02,Junction A,18.5204,73.8567,0.7083833813667297,,,,
UNKNOWN,No Helmet,2026-05-19 20:48:03,Junction A,18.5204,73.8567,0.3889708817005157,,,,
UNKNOWN,No Helmet,2026-05-19 20:48:04,Junction A,18.5204,73.8567,0.6012250185012817,,,,
UNKNOWN,No Helmet,2026-05-19 20:48:04,Junction A,18.5204,73.8567,0.288527101278305,,,,
UNKNOWN,Triple Riding,2026-05-19 20:48:05,Junction A,18.5204,73.8567,0.9,,,,
UNKNOWN,No Helmet,2026-05-19 20:48:06,Junction A,18.5204,73.8567,0.5992016196250916,,,,
UNKNOWN,Triple Riding,2026-05-19 20:48:06,Junction A,18.5204,73.8567,0.9,,,,
UNKNOWN,No Helmet,2026-05-19 20:48:07,Junction A,18.5204,73.8567,0.6995333433151245,,,,
UNKNOWN,Triple Riding,2026-05-19 20:48:08,Junction A,18.5204,73.8567,0.9,,,,
UNKNOWN,No Helmet,2026-05-19 20:48:08,Junction A,18.5204,73.8567,0.3809071183204651,,,,
UNKNOWN,No Helmet,2026-05-19 20:48:08,Junction A,18.5204,73.8567,0.3220052719116211,,,,
UNKNOWN,Triple Riding,2026-05-19 20:48:09,Junction A,18.5204,73.8567,0.9,,,,
UNKNOWN,No Helmet,2026-05-19 20:48:09,Junction A,18.5204,73.8567,0.6363562941551208,,,,
UNKNOWN,No Helmet,2026-05-19 20:48:09,Junction A,18.5204,73.8567,0.3472591638565063,,,,
UNKNOWN,Triple Riding,2026-05-19 20:48:10,Junction A,18.5204,73.8567,0.9,,,,
UNKNOWN,Triple Riding,2026-05-19 20:48:10,Junction A,18.5204,73.8567,0.9,,,,
UNKNOWN,Triple Riding,2026-05-19 20:48:10,Junction A,18.5204,73.8567,0.9,,,,
UNKNOWN,No Helmet,2026-05-19 20:48:11,Junction A,18.5204,73.8567,0.4085666239261627,,,,
UNKNOWN,Triple Riding,2026-05-19 20:48:12,Junction A,18.5204,73.8567,0.9,,,,
UNKNOWN,Triple Riding,2026-05-19 20:48:12,Junction A,18.5204,73.8567,0.9,,,,
UNKNOWN,No Helmet,2026-05-19 20:48:12,Junction A,18.5204,73.8567,0.6118262410163879,,,,
UNKNOWN,No Helmet,2026-05-19 20:48:12,Junction A,18.5204,73.8567,0.2918144464492798,,,,
UNKNOWN,Triple Riding,2026-05-19 20:48:13,Junction A,18.5204,73.8567,0.9,,,,
UNKNOWN,Triple Riding,2026-05-19 20:48:13,Junction A,18.5204,73.8567,0.9,,,,
UNKNOWN,No Helmet,2026-05-19 20:48:13,Junction A,18.5204,73.8567,0.5135979652404785,,,,
UNKNOWN,No Helmet,2026-05-19 20:48:13,Junction A,18.5204,73.8567,0.4954632520675659,,,,
UNKNOWN,Triple Riding,2026-05-19 20:48:14,Junction A,18.5204,73.8567,0.9,,,,
UNKNOWN,Triple Riding,2026-05-19 20:48:14,Junction A,18.5204,73.8567,0.9,,,,
UNKNOWN,No Helmet,2026-05-19 20:48:15,Junction A,18.5204,73.8567,0.5780243873596191,,,,
UNKNOWN,No Helmet,2026-05-19 20:48:15,Junction A,18.5204,73.8567,0.2962524592876434,,,,
UNKNOWN,Triple Riding,2026-05-19 20:48:16,Junction A,18.5204,73.8567,0.9,,,,
UNKNOWN,Triple Riding,2026-05-19 20:48:16,Junction A,18.5204,73.8567,0.9,,,,
UNKNOWN,No Helmet,2026-05-19 20:48:16,Junction A,18.5204,73.8567,0.4549935758113861,,,,
UNKNOWN,No Helmet,2026-05-19 20:48:16,Junction A,18.5204,73.8567,0.4226179420948028,,,,
UNKNOWN,Triple Riding,2026-05-19 20:48:17,Junction A,18.5204,73.8567,0.9,,,,
UNKNOWN,Triple Riding,2026-05-19 20:48:17,Junction A,18.5204,73.8567,0.9,,,,
UNKNOWN,No Helmet,2026-05-19 20:48:18,Junction A,18.5204,73.8567,0.3710888624191284,,,,
UNKNOWN,No Helmet,2026-05-19 20:48:18,Junction A,18.5204,73.8567,0.2850496172904968,,,,
UNKNOWN,No Helmet,2026-05-19 20:48:18,Junction A,18.5204,73.8567,0.2514166235923767,,,,
UNKNOWN,Triple Riding,2026-05-19 20:48:19,Junction A,18.5204,73.8567,0.9,,,,
UNKNOWN,Triple Riding,2026-05-19 20:48:19,Junction A,18.5204,73.8567,0.9,,,,
UNKNOWN,No Helmet,2026-05-19 20:48:19,Junction A,18.5204,73.8567,0.5674130320549011,,,,
UNKNOWN,No Helmet,2026-05-19 20:48:19,Junction A,18.5204,73.8567,0.4809071719646454,,,,
UNKNOWN,No Helmet,2026-05-19 20:48:19,Junction A,18.5204,73.8567,0.3958794176578522,,,,
UNKNOWN,Triple Riding,2026-05-19 20:48:20,Junction A,18.5204,73.8567,0.9,,,,
UNKNOWN,Triple Riding,2026-05-19 20:48:20,Junction A,18.5204,73.8567,0.9,,,,
UNKNOWN,No Helmet,2026-05-19 20:48:20,Junction A,18.5204,73.8567,0.4837570190429687,,,,
UNKNOWN,No Helmet,2026-05-19 20:48:20,Junction A,18.5204,73.8567,0.4797324240207672,,,,
UNKNOWN,No Helmet,2026-05-19 20:48:20,Junction A,18.5204,73.8567,0.3248245120048523,,,,
UNKNOWN,Triple Riding,2026-05-19 20:48:21,Junction A,18.5204,73.8567,0.9,,,,
UNKNOWN,No Helmet,2026-05-19 20:48:21,Junction A,18.5204,73.8567,0.4966328740119934,,,,
UNKNOWN,No Helmet,2026-05-19 20:48:21,Junction A,18.5204,73.8567,0.4752666354179382,,,,
UNKNOWN,No Helmet,2026-05-19 20:48:21,Junction A,18.5204,73.8567,0.3011876940727234,,,,
UNKNOWN,No Helmet,2026-05-19 20:48:22,Junction A,18.5204,73.8567,0.6140839457511902,,,,
UNKNOWN,No Helmet,2026-05-19 20:48:22,Junction A,18.5204,73.8567,0.6078418493270874,,,,
UNKNOWN,No Helmet,2026-05-19 20:48:22,Junction A,18.5204,73.8567,0.4656566977500915,,,,
UNKNOWN,Triple Riding,2026-05-19 20:48:23,Junction A,18.5204,73.8567,0.9,,,,
UNKNOWN,Triple Riding,2026-05-19 20:48:23,Junction A,18.5204,73.8567,0.9,,,,
UNKNOWN,No Helmet,2026-05-19 20:48:24,Junction A,18.5204,73.8567,0.5778001546859741,,,,
UNKNOWN,No Helmet,2026-05-19 20:48:24,Junction A,18.5204,73.8567,0.4076011478900909,,,,
UNKNOWN,Triple Riding,2026-05-19 20:48:25,Junction A,18.5204,73.8567,0.9,,,,
UNKNOWN,No Helmet,2026-05-19 20:48:25,Junction A,18.5204,73.8567,0.5721768140792847,,,,
UNKNOWN,No Helmet,2026-05-19 20:48:25,Junction A,18.5204,73.8567,0.4244623184204101,,,,
UNKNOWN,No Helmet,2026-05-19 20:48:25,Junction A,18.5204,73.8567,0.3908495306968689,,,,
UNKNOWN,No Helmet,2026-05-19 20:48:26,Junction A,18.5204,73.8567,0.5536662340164185,,,,
UNKNOWN,No Helmet,2026-05-19 20:48:26,Junction A,18.5204,73.8567,0.4106884002685547,,,,
UNKNOWN,No Helmet,2026-05-19 20:48:27,Junction A,18.5204,73.8567,0.5938526391983032,,,,
UNKNOWN,No Helmet,2026-05-19 20:48:27,Junction A,18.5204,73.8567,0.4595636427402496,,,,
UNKNOWN,No Helmet,2026-05-19 20:48:28,Junction A,18.5204,73.8567,0.5851085782051086,,,,
UNKNOWN,No Helmet,2026-05-19 20:48:28,Junction A,18.5204,73.8567,0.4410164952278137,,,,
UNKNOWN,No Helmet,2026-05-19 20:48:30,Junction A,18.5204,73.8567,0.5146527290344238,,,,
UNKNOWN,No Helmet,2026-05-19 20:48:30,Junction A,18.5204,73.8567,0.3598416149616241,,,,
UNKNOWN,No Helmet,2026-05-19 20:48:31,Junction A,18.5204,73.8567,0.63752281665802,,,,
UNKNOWN,No Helmet,2026-05-19 20:48:31,Junction A,18.5204,73.8567,0.3394466936588287,,,,
UNKNOWN,No Helmet,2026-05-19 20:48:32,Junction A,18.5204,73.8567,0.4879283010959625,,,,
UNKNOWN,No Helmet,2026-05-19 20:48:32,Junction A,18.5204,73.8567,0.4145550727844238,,,,
UNKNOWN,No Helmet,2026-05-19 20:48:33,Junction A,18.5204,73.8567,0.5201571583747864,,,,
UNKNOWN,No Helmet,2026-05-19 20:48:33,Junction A,18.5204,73.8567,0.316626638174057,,,,
UNKNOWN,No Helmet,2026-05-19 20:48:33,Junction A,18.5204,73.8567,0.3163061439990997,,,,
UNKNOWN,No Helmet,2026-05-19 20:48:34,Junction A,18.5204,73.8567,0.4815978407859802,,,,
UNKNOWN,No Helmet,2026-05-19 20:48:34,Junction A,18.5204,73.8567,0.3121863901615143,,,,
UNKNOWN,No Helmet,2026-05-19 20:48:35,Junction A,18.5204,73.8567,0.4822912812232971,,,,
UNKNOWN,No Helmet,2026-05-19 20:48:35,Junction A,18.5204,73.8567,0.4059555232524872,,,,
UNKNOWN,No Helmet,2026-05-19 20:48:37,Junction A,18.5204,73.8567,0.5896787047386169,,,,
UNKNOWN,No Helmet,2026-05-19 20:48:37,Junction A,18.5204,73.8567,0.3870797157287597,,,,
UNKNOWN,No Helmet,2026-05-19 20:48:38,Junction A,18.5204,73.8567,0.6201654672622681,,,,
UNKNOWN,No Helmet,2026-05-19 20:48:38,Junction A,18.5204,73.8567,0.3781161308288574,,,,
UNKNOWN,Triple Riding,2026-05-19 20:48:39,Junction A,18.5204,73.8567,0.9,,,,
UNKNOWN,Triple Riding,2026-05-19 20:48:39,Junction A,18.5204,73.8567,0.9,,,,
UNKNOWN,No Helmet,2026-05-19 20:48:39,Junction A,18.5204,73.8567,0.4841197431087494,,,,
UNKNOWN,No Helmet,2026-05-19 20:48:39,Junction A,18.5204,73.8567,0.4595319032669067,,,,
UNKNOWN,Triple Riding,2026-05-19 20:48:40,Junction A,18.5204,73.8567,0.9,,,,
UNKNOWN,Triple Riding,2026-05-19 20:48:40,Junction A,18.5204,73.8567,0.9,,,,
UNKNOWN,No Helmet,2026-05-19 20:48:40,Junction A,18.5204,73.8567,0.4911671280860901,,,,
UNKNOWN,No Helmet,2026-05-19 20:48:40,Junction A,18.5204,73.8567,0.3788710534572601,,,,
UNKNOWN,Triple Riding,2026-05-19 20:48:41,Junction A,18.5204,73.8567,0.9,,,,
UNKNOWN,No Helmet,2026-05-19 20:48:41,Junction A,18.5204,73.8567,0.4416165649890899,,,,
UNKNOWN,No Helmet,2026-05-19 20:48:41,Junction A,18.5204,73.8567,0.3985422551631927,,,,
UNKNOWN,Triple Riding,2026-05-19 20:48:42,Junction A,18.5204,73.8567,0.9,,,,
UNKNOWN,No Helmet,2026-05-19 20:48:42,Junction A,18.5204,73.8567,0.6267363429069519,,,,
UNKNOWN,No Helmet,2026-05-19 20:48:42,Junction A,18.5204,73.8567,0.5232514142990112,,,,
UNKNOWN,No Helmet,2026-05-19 20:48:44,Junction A,18.5204,73.8567,0.5366864204406738,,,,
UNKNOWN,No Helmet,2026-05-19 20:48:44,Junction A,18.5204,73.8567,0.5156491994857788,,,,
UNKNOWN,No Helmet,2026-05-19 20:48:45,Junction A,18.5204,73.8567,0.4297122657299042,,,,
UNKNOWN,No Helmet,2026-05-19 20:48:45,Junction A,18.5204,73.8567,0.3124236762523651,,,,
UNKNOWN,No Helmet,2026-05-19 20:48:46,Junction A,18.5204,73.8567,0.5673755407333374,,,,
UNKNOWN,No Helmet,2026-05-19 20:48:46,Junction A,18.5204,73.8567,0.455877423286438,,,,
UNKNOWN,No Helmet,2026-05-19 20:48:47,Junction A,18.5204,73.8567,0.2699199914932251,,,,
UNKNOWN,No Helmet,2026-05-19 20:48:47,Junction A,18.5204,73.8567,0.2576059997081756,,,,
UNKNOWN,No Helmet,2026-05-19 20:48:48,Junction A,18.5204,73.8567,0.3114607036113739,,,,
UNKNOWN,No Helmet,2026-05-19 20:48:48,Junction A,18.5204,73.8567,0.2827463150024414,,,,
UNKNOWN,No Helmet,2026-05-19 20:48:49,Junction A,18.5204,73.8567,0.2946591675281524,,,,
UNKNOWN,No Helmet,2026-05-19 20:48:51,Junction A,18.5204,73.8567,0.5553812980651855,,,,
UNKNOWN,Triple Riding,2026-05-19 20:48:52,Junction A,18.5204,73.8567,0.9,,,,
UNKNOWN,No Helmet,2026-05-19 20:48:52,Junction A,18.5204,73.8567,0.4087558090686798,,,,
UNKNOWN,No Helmet,2026-05-19 20:48:52,Junction A,18.5204,73.8567,0.2582889795303345,,,,
UNKNOWN,Triple Riding,2026-05-19 20:48:53,Junction A,18.5204,73.8567,0.9,,,,
UNKNOWN,No Helmet,2026-05-19 20:48:53,Junction A,18.5204,73.8567,0.4172268509864807,,,,
UNKNOWN,No Helmet,2026-05-19 20:48:53,Junction A,18.5204,73.8567,0.3167318999767303,,,,
UNKNOWN,No Helmet,2026-05-19 20:48:54,Junction A,18.5204,73.8567,0.3679064214229584,,,,
UNKNOWN,No Helmet,2026-05-19 20:48:54,Junction A,18.5204,73.8567,0.3644057214260101,,,,
UNKNOWN,Triple Riding,2026-05-19 20:48:55,Junction A,18.5204,73.8567,0.9,,,,
UNKNOWN,No Helmet,2026-05-19 20:48:55,Junction A,18.5204,73.8567,0.6414938569068909,,,,
UNKNOWN,No Helmet,2026-05-19 20:48:55,Junction A,18.5204,73.8567,0.5525060296058655,,,,
UNKNOWN,Triple Riding,2026-05-19 20:48:56,Junction A,18.5204,73.8567,0.9,,,,
UNKNOWN,No Helmet,2026-05-19 20:48:57,Junction A,18.5204,73.8567,0.5765759944915771,,,,
UNKNOWN,No Helmet,2026-05-19 20:48:57,Junction A,18.5204,73.8567,0.3894984424114227,,,,
UNKNOWN,Triple Riding,2026-05-19 20:48:58,Junction A,18.5204,73.8567,0.9,,,,
UNKNOWN,Triple Riding,2026-05-19 20:48:58,Junction A,18.5204,73.8567,0.9,,,,
UNKNOWN,No Helmet,2026-05-19 20:48:58,Junction A,18.5204,73.8567,0.6905421614646912,,,,
UNKNOWN,No Helmet,2026-05-19 20:48:58,Junction A,18.5204,73.8567,0.4749308228492737,,,,
UNKNOWN,No Helmet,2026-05-19 20:48:58,Junction A,18.5204,73.8567,0.4090923964977264,,,,
UNKNOWN,Triple Riding,2026-05-19 20:48:59,Junction A,18.5204,73.8567,0.9,,,,
UNKNOWN,Triple Riding,2026-05-19 20:48:59,Junction A,18.5204,73.8567,0.9,,,,
UNKNOWN,No Helmet,2026-05-19 20:48:59,Junction A,18.5204,73.8567,0.7742968201637268,,,,
UNKNOWN,No Helmet,2026-05-19 20:48:59,Junction A,18.5204,73.8567,0.3814911544322967,,,,
UNKNOWN,No Helmet,2026-05-19 20:48:59,Junction A,18.5204,73.8567,0.351133644580841,,,,
UNKNOWN,Triple Riding,2026-05-19 20:49:00,Junction A,18.5204,73.8567,0.9,,,,
UNKNOWN,No Helmet,2026-05-19 20:49:00,Junction A,18.5204,73.8567,0.5146616697311401,,,,
UNKNOWN,No Helmet,2026-05-19 20:49:00,Junction A,18.5204,73.8567,0.4679574072360992,,,,
UNKNOWN,Triple Riding,2026-05-19 20:49:01,Junction A,18.5204,73.8567,0.9,,,,
UNKNOWN,No Helmet,2026-05-19 20:49:02,Junction A,18.5204,73.8567,0.5387417078018188,,,,
UNKNOWN,No Helmet,2026-05-19 20:49:02,Junction A,18.5204,73.8567,0.520786464214325,,,,
UNKNOWN,Triple Riding,2026-05-19 20:49:03,Junction A,18.5204,73.8567,0.9,,,,
UNKNOWN,Triple Riding,2026-05-19 20:49:03,Junction A,18.5204,73.8567,0.9,,,,
UNKNOWN,No Helmet,2026-05-19 20:49:03,Junction A,18.5204,73.8567,0.685512900352478,,,,
UNKNOWN,No Helmet,2026-05-19 20:49:03,Junction A,18.5204,73.8567,0.6790927052497864,,,,
UNKNOWN,No Helmet,2026-05-19 20:49:03,Junction A,18.5204,73.8567,0.3598569631576538,,,,
UNKNOWN,Triple Riding,2026-05-19 20:49:04,Junction A,18.5204,73.8567,0.9,,,,
UNKNOWN,Triple Riding,2026-05-19 20:49:04,Junction A,18.5204,73.8567,0.9,,,,
UNKNOWN,No Helmet,2026-05-19 20:49:05,Junction A,18.5204,73.8567,0.5728483200073242,,,,
UNKNOWN,No Helmet,2026-05-19 20:49:05,Junction A,18.5204,73.8567,0.5151698589324951,,,,
UNKNOWN,No Helmet,2026-05-19 20:49:05,Junction A,18.5204,73.8567,0.3994036614894867,,,,
UNKNOWN,No Helmet,2026-05-19 20:49:05,Junction A,18.5204,73.8567,0.2792833745479584,,,,
UNKNOWN,Triple Riding,2026-06-13 14:18:14,Junction A,18.5204,73.8567,0.6221,2.0,3.0,14:00-15:00,3.0
UNKNOWN,No Helmet,2026-06-13 14:18:15,Junction A,18.5204,73.8567,0.467,-1.0,3.0,14:00-15:00,0.0
UNKNOWN,Triple Riding,2026-06-13 14:18:27,Junction A,18.5204,73.8567,0.6221,2.0,3.0,14:00-15:00,3.0
UNKNOWN,No Helmet,2026-06-13 14:18:28,Junction A,18.5204,73.8567,0.467,-1.0,3.0,14:00-15:00,0.0
UNKNOWN,Triple Riding,2026-06-13 14:18:51,Junction A,18.5204,73.8567,0.425,24.0,48.0,14:00-15:00,4.0
UNKNOWN,No Helmet,2026-06-13 14:18:59,Junction A,18.5204,73.8567,0.2608,-1.0,60.0,14:00-15:00,0.0
UNKNOWN,No Helmet,2026-06-13 14:19:01,Junction A,18.5204,73.8567,0.2728,-1.0,63.0,14:00-15:00,0.0
UNKNOWN,No Helmet,2026-06-13 14:19:03,Junction A,18.5204,73.8567,0.197,-1.0,66.0,14:00-15:00,0.0
UNKNOWN,No Helmet,2026-06-13 14:19:03,Junction A,18.5204,73.8567,0.197,-1.0,66.0,14:00-15:00,0.0
UNKNOWN,No Helmet,2026-06-13 14:19:06,Junction A,18.5204,73.8567,0.2352,-1.0,72.0,14:00-15:00,0.0
UNKNOWN,No Helmet,2026-06-13 14:19:08,Junction A,18.5204,73.8567,0.2453,-1.0,75.0,14:00-15:00,0.0
UNKNOWN,No Helmet,2026-06-13 14:19:08,Junction A,18.5204,73.8567,0.2453,-1.0,75.0,14:00-15:00,0.0
UNKNOWN,No Helmet,2026-06-13 14:19:10,Junction A,18.5204,73.8567,0.3111,-1.0,78.0,14:00-15:00,0.0
UNKNOWN,Triple Riding,2026-06-13 14:19:46,Junction A,18.5204,73.8567,0.8165,5.0,3.0,14:00-15:00,3.0
UNKNOWN,Triple Riding,2026-06-13 14:19:46,Junction A,18.5204,73.8567,0.572,6.0,3.0,14:00-15:00,7.0
UNKNOWN,Triple Riding,2026-06-13 14:19:47,Junction A,18.5204,73.8567,0.5062,7.0,3.0,14:00-15:00,4.0
UNKNOWN,No Helmet,2026-06-13 14:19:48,Junction A,18.5204,73.8567,0.3095,-1.0,3.0,14:00-15:00,0.0
UNKNOWN,No Helmet,2026-06-13 14:19:51,Junction A,18.5204,73.8567,0.5054,-1.0,6.0,14:00-15:00,0.0
UNKNOWN,No Helmet,2026-06-13 14:19:54,Junction A,18.5204,73.8567,0.489,-1.0,9.0,14:00-15:00,0.0
UNKNOWN,No Helmet,2026-06-13 14:19:58,Junction A,18.5204,73.8567,0.5821,-1.0,12.0,14:00-15:00,0.0
UNKNOWN,No Helmet,2026-06-13 14:20:00,Junction A,18.5204,73.8567,0.5887,-1.0,15.0,14:00-15:00,0.0
UNKNOWN,No Helmet,2026-06-13 14:20:03,Junction A,18.5204,73.8567,0.1911,-1.0,18.0,14:00-15:00,0.0
UNKNOWN,No Helmet,2026-06-13 14:20:03,Junction A,18.5204,73.8567,0.1911,-1.0,18.0,14:00-15:00,0.0
UNKNOWN,No Helmet,2026-06-13 14:20:03,Junction A,18.5204,73.8567,0.4573,-1.0,18.0,14:00-15:00,0.0
UNKNOWN,Triple Riding,2026-06-13 14:20:05,Junction A,18.5204,73.8567,0.4817,14.0,21.0,14:00-15:00,3.0
UNKNOWN,No Helmet,2026-06-13 14:20:06,Junction A,18.5204,73.8567,0.2098,-1.0,21.0,14:00-15:00,0.0
UNKNOWN,No Helmet,2026-06-13 14:20:06,Junction A,18.5204,73.8567,0.2098,-1.0,21.0,14:00-15:00,0.0
UNKNOWN,No Helmet,2026-06-13 14:20:06,Junction A,18.5204,73.8567,0.5502,-1.0,21.0,14:00-15:00,0.0
UNKNOWN,No Helmet,2026-06-13 14:20:08,Junction A,18.5204,73.8567,0.2052,-1.0,24.0,14:00-15:00,0.0
UNKNOWN,No Helmet,2026-06-13 14:20:09,Junction A,18.5204,73.8567,0.2052,-1.0,24.0,14:00-15:00,0.0
UNKNOWN,No Helmet,2026-06-13 14:20:09,Junction A,18.5204,73.8567,0.5256,-1.0,24.0,14:00-15:00,0.0
UNKNOWN,No Helmet,2026-06-13 14:20:11,Junction A,18.5204,73.8567,0.2698,-1.0,27.0,14:00-15:00,0.0
UNKNOWN,No Helmet,2026-06-13 14:20:11,Junction A,18.5204,73.8567,0.2698,-1.0,27.0,14:00-15:00,0.0
UNKNOWN,No Helmet,2026-06-13 14:20:11,Junction A,18.5204,73.8567,0.4754,-1.0,27.0,14:00-15:00,0.0
UNKNOWN,No Helmet,2026-06-13 14:20:14,Junction A,18.5204,73.8567,0.3376,-1.0,30.0,14:00-15:00,0.0
UNKNOWN,No Helmet,2026-06-13 14:20:17,Junction A,18.5204,73.8567,0.6123,-1.0,33.0,14:00-15:00,0.0
UNKNOWN,No Helmet,2026-06-13 14:20:17,Junction A,18.5204,73.8567,0.6123,-1.0,33.0,14:00-15:00,0.0
UNKNOWN,No Helmet,2026-06-13 14:20:21,Junction A,18.5204,73.8567,0.5214,-1.0,36.0,14:00-15:00,0.0
UNKNOWN,No Helmet,2026-06-13 14:20:21,Junction A,18.5204,73.8567,0.5214,-1.0,36.0,14:00-15:00,0.0
UNKNOWN,No Helmet,2026-06-13 14:20:23,Junction A,18.5204,73.8567,0.6496,-1.0,39.0,14:00-15:00,0.0
UNKNOWN,No Helmet,2026-06-13 14:20:23,Junction A,18.5204,73.8567,0.6496,-1.0,39.0,14:00-15:00,0.0
UNKNOWN,No Helmet,2026-06-13 14:20:27,Junction A,18.5204,73.8567,0.1679,-1.0,42.0,14:00-15:00,0.0
UNKNOWN,No Helmet,2026-06-13 14:20:27,Junction A,18.5204,73.8567,0.1679,-1.0,42.0,14:00-15:00,0.0
UNKNOWN,No Helmet,2026-06-13 14:20:27,Junction A,18.5204,73.8567,0.5487,-1.0,42.0,14:00-15:00,0.0
UNKNOWN,No Helmet,2026-06-13 14:20:27,Junction A,18.5204,73.8567,0.5487,-1.0,42.0,14:00-15:00,0.0
UNKNOWN,No Helmet,2026-06-13 14:20:29,Junction A,18.5204,73.8567,0.1787,-1.0,45.0,14:00-15:00,0.0
UNKNOWN,No Helmet,2026-06-13 14:20:29,Junction A,18.5204,73.8567,0.1787,-1.0,45.0,14:00-15:00,0.0
UNKNOWN,No Helmet,2026-06-13 14:20:29,Junction A,18.5204,73.8567,0.5165,-1.0,45.0,14:00-15:00,0.0
UNKNOWN,No Helmet,2026-06-13 14:20:29,Junction A,18.5204,73.8567,0.5165,-1.0,45.0,14:00-15:00,0.0
UNKNOWN,Triple Riding,2026-06-13 14:20:31,Junction A,18.5204,73.8567,0.7664,6.0,48.0,14:00-15:00,5.0
UNKNOWN,No Helmet,2026-06-13 14:20:32,Junction A,18.5204,73.8567,0.268,-1.0,48.0,14:00-15:00,0.0
UNKNOWN,No Helmet,2026-06-13 14:20:32,Junction A,18.5204,73.8567,0.268,-1.0,48.0,14:00-15:00,0.0
UNKNOWN,No Helmet,2026-06-13 14:20:32,Junction A,18.5204,73.8567,0.2143,-1.0,48.0,14:00-15:00,0.0
UNKNOWN,No Helmet,2026-06-13 14:20:32,Junction A,18.5204,73.8567,0.2143,-1.0,48.0,14:00-15:00,0.0
UNKNOWN,No Helmet,2026-06-13 14:20:34,Junction A,18.5204,73.8567,0.2329,-1.0,51.0,14:00-15:00,0.0
UNKNOWN,No Helmet,2026-06-13 14:20:35,Junction A,18.5204,73.8567,0.1983,-1.0,51.0,14:00-15:00,0.0
UNKNOWN,No Helmet,2026-06-13 14:20:35,Junction A,18.5204,73.8567,0.1983,-1.0,51.0,14:00-15:00,0.0
UNKNOWN,No Helmet,2026-06-13 14:20:35,Junction A,18.5204,73.8567,0.2212,-1.0,51.0,14:00-15:00,0.0
UNKNOWN,No Helmet,2026-06-13 14:20:35,Junction A,18.5204,73.8567,0.2212,-1.0,51.0,14:00-15:00,0.0
UNKNOWN,No Helmet,2026-06-13 14:20:37,Junction A,18.5204,73.8567,0.4172,-1.0,54.0,14:00-15:00,0.0
UNKNOWN,No Helmet,2026-06-13 14:20:37,Junction A,18.5204,73.8567,0.4172,-1.0,54.0,14:00-15:00,0.0
UNKNOWN,No Helmet,2026-06-13 14:20:40,Junction A,18.5204,73.8567,0.1907,-1.0,57.0,14:00-15:00,0.0
UNKNOWN,No Helmet,2026-06-13 14:20:40,Junction A,18.5204,73.8567,0.1907,-1.0,57.0,14:00-15:00,0.0
UNKNOWN,Triple Riding,2026-06-13 14:20:42,Junction A,18.5204,73.8567,0.6834,7.0,60.0,14:00-15:00,3.0
UNKNOWN,No Helmet,2026-06-13 14:20:43,Junction A,18.5204,73.8567,0.2009,-1.0,60.0,14:00-15:00,0.0
UNKNOWN,No Helmet,2026-06-13 14:20:43,Junction A,18.5204,73.8567,0.425,-1.0,60.0,14:00-15:00,0.0
UNKNOWN,No Helmet,2026-06-13 14:20:43,Junction A,18.5204,73.8567,0.425,-1.0,60.0,14:00-15:00,0.0
UNKNOWN,No Helmet,2026-06-13 14:20:46,Junction A,18.5204,73.8567,0.4492,-1.0,63.0,14:00-15:00,0.0
UNKNOWN,No Helmet,2026-06-13 14:20:46,Junction A,18.5204,73.8567,0.4492,-1.0,63.0,14:00-15:00,0.0
UNKNOWN,No Helmet,2026-06-13 14:20:51,Junction A,18.5204,73.8567,0.4173,-1.0,66.0,14:00-15:00,0.0
UNKNOWN,No Helmet,2026-06-13 14:20:51,Junction A,18.5204,73.8567,0.4173,-1.0,66.0,14:00-15:00,0.0
UNKNOWN,No Helmet,2026-06-13 14:20:55,Junction A,18.5204,73.8567,0.3993,-1.0,69.0,14:00-15:00,0.0
UNKNOWN,No Helmet,2026-06-13 14:20:55,Junction A,18.5204,73.8567,0.3993,-1.0,69.0,14:00-15:00,0.0
UNKNOWN,No Helmet,2026-06-13 14:20:55,Junction A,18.5204,73.8567,0.4901,-1.0,69.0,14:00-15:00,0.0
UNKNOWN,No Helmet,2026-06-13 14:20:55,Junction A,18.5204,73.8567,0.4901,-1.0,69.0,14:00-15:00,0.0
UNKNOWN,No Helmet,2026-06-13 14:20:58,Junction A,18.5204,73.8567,0.5668,-1.0,72.0,14:00-15:00,0.0
UNKNOWN,No Helmet,2026-06-13 14:20:58,Junction A,18.5204,73.8567,0.5668,-1.0,72.0,14:00-15:00,0.0
UNKNOWN,No Helmet,2026-06-13 14:21:00,Junction A,18.5204,73.8567,0.479,-1.0,75.0,14:00-15:00,0.0
UNKNOWN,No Helmet,2026-06-13 14:21:00,Junction A,18.5204,73.8567,0.479,-1.0,75.0,14:00-15:00,0.0
UNKNOWN,No Helmet,2026-06-13 14:21:02,Junction A,18.5204,73.8567,0.1645,-1.0,78.0,14:00-15:00,0.0
UNKNOWN,No Helmet,2026-06-13 14:21:02,Junction A,18.5204,73.8567,0.1645,-1.0,78.0,14:00-15:00,0.0
UNKNOWN,No Helmet,2026-06-13 14:21:02,Junction A,18.5204,73.8567,0.1645,-1.0,78.0,14:00-15:00,0.0
UNKNOWN,Triple Riding,2026-06-13 14:21:03,Junction A,18.5204,73.8567,0.6457,8.0,81.0,14:00-15:00,3.0
UNKNOWN,Triple Riding,2026-06-13 14:21:03,Junction A,18.5204,73.8567,0.6521,9.0,81.0,14:00-15:00,3.0
UNKNOWN,No Helmet,2026-06-13 14:21:04,Junction A,18.5204,73.8567,0.3218,-1.0,81.0,14:00-15:00,0.0
UNKNOWN,No Helmet,2026-06-13 14:21:04,Junction A,18.5204,73.8567,0.3218,-1.0,81.0,14:00-15:00,0.0
UNKNOWN,No Helmet,2026-06-13 14:21:04,Junction A,18.5204,73.8567,0.3218,-1.0,81.0,14:00-15:00,0.0
UNKNOWN,No Helmet,2026-06-13 14:21:04,Junction A,18.5204,73.8567,0.3218,-1.0,81.0,14:00-15:00,0.0
UNKNOWN,No Helmet,2026-06-13 14:21:05,Junction A,18.5204,73.8567,0.3218,-1.0,81.0,14:00-15:00,0.0
UNKNOWN,No Helmet,2026-06-13 14:21:05,Junction A,18.5204,73.8567,0.3218,-1.0,81.0,14:00-15:00,0.0
UNKNOWN,No Helmet,2026-06-13 14:21:07,Junction A,18.5204,73.8567,0.1546,-1.0,84.0,14:00-15:00,0.0
UNKNOWN,No Helmet,2026-06-13 14:21:07,Junction A,18.5204,73.8567,0.2331,-1.0,84.0,14:00-15:00,0.0
UNKNOWN,No Helmet,2026-06-13 14:21:07,Junction A,18.5204,73.8567,0.1546,-1.0,84.0,14:00-15:00,0.0
UNKNOWN,No Helmet,2026-06-13 14:21:07,Junction A,18.5204,73.8567,0.2331,-1.0,84.0,14:00-15:00,0.0
UNKNOWN,No Helmet,2026-06-13 14:21:07,Junction A,18.5204,73.8567,0.1546,-1.0,84.0,14:00-15:00,0.0
UNKNOWN,No Helmet,2026-06-13 14:21:07,Junction A,18.5204,73.8567,0.2331,-1.0,84.0,14:00-15:00,0.0
UNKNOWN,No Helmet,2026-06-13 14:21:08,Junction A,18.5204,73.8567,0.3239,-1.0,87.0,14:00-15:00,0.0
UNKNOWN,No Helmet,2026-06-13 14:21:08,Junction A,18.5204,73.8567,0.1698,-1.0,87.0,14:00-15:00,0.0
UNKNOWN,No Helmet,2026-06-13 14:21:08,Junction A,18.5204,73.8567,0.3239,-1.0,87.0,14:00-15:00,0.0
UNKNOWN,No Helmet,2026-06-13 14:21:08,Junction A,18.5204,73.8567,0.1698,-1.0,87.0,14:00-15:00,0.0
UNKNOWN,No Helmet,2026-06-13 14:21:08,Junction A,18.5204,73.8567,0.3239,-1.0,87.0,14:00-15:00,0.0
UNKNOWN,No Helmet,2026-06-13 14:21:08,Junction A,18.5204,73.8567,0.1698,-1.0,87.0,14:00-15:00,0.0
UNKNOWN,No Helmet,2026-06-13 14:21:09,Junction A,18.5204,73.8567,0.3029,-1.0,90.0,14:00-15:00,0.0
UNKNOWN,No Helmet,2026-06-13 14:21:09,Junction A,18.5204,73.8567,0.2613,-1.0,90.0,14:00-15:00,0.0
UNKNOWN,No Helmet,2026-06-13 14:21:09,Junction A,18.5204,73.8567,0.2042,-1.0,90.0,14:00-15:00,0.0
UNKNOWN,No Helmet,2026-06-13 14:21:09,Junction A,18.5204,73.8567,0.3029,-1.0,90.0,14:00-15:00,0.0
UNKNOWN,No Helmet,2026-06-13 14:21:09,Junction A,18.5204,73.8567,0.2042,-1.0,90.0,14:00-15:00,0.0
UNKNOWN,No Helmet,2026-06-13 14:21:09,Junction A,18.5204,73.8567,0.3029,-1.0,90.0,14:00-15:00,0.0
UNKNOWN,No Helmet,2026-06-13 14:21:09,Junction A,18.5204,73.8567,0.3029,-1.0,90.0,14:00-15:00,0.0
UNKNOWN,No Helmet,2026-06-13 14:21:09,Junction A,18.5204,73.8567,0.3029,-1.0,90.0,14:00-15:00,0.0
UNKNOWN,No Helmet,2026-06-13 14:21:09,Junction A,18.5204,73.8567,0.3029,-1.0,90.0,14:00-15:00,0.0
UNKNOWN,Triple Riding,2026-06-13 14:21:10,Junction A,18.5204,73.8567,0.7035,6.0,93.0,14:00-15:00,6.0
UNKNOWN,No Helmet,2026-06-13 14:21:10,Junction A,18.5204,73.8567,0.1927,-1.0,93.0,14:00-15:00,0.0
UNKNOWN,No Helmet,2026-06-13 14:21:10,Junction A,18.5204,73.8567,0.1927,-1.0,93.0,14:00-15:00,0.0
UNKNOWN,No Helmet,2026-06-13 14:21:10,Junction A,18.5204,73.8567,0.1927,-1.0,93.0,14:00-15:00,0.0
UNKNOWN,No Helmet,2026-06-13 14:21:10,Junction A,18.5204,73.8567,0.1927,-1.0,93.0,14:00-15:00,0.0
UNKNOWN,No Helmet,2026-06-13 14:21:10,Junction A,18.5204,73.8567,0.1927,-1.0,93.0,14:00-15:00,0.0
UNKNOWN,No Helmet,2026-06-13 14:21:10,Junction A,18.5204,73.8567,0.1927,-1.0,93.0,14:00-15:00,0.0
UNKNOWN,No Helmet,2026-06-13 14:21:11,Junction A,18.5204,73.8567,0.3786,-1.0,96.0,14:00-15:00,0.0
UNKNOWN,No Helmet,2026-06-13 14:21:11,Junction A,18.5204,73.8567,0.1973,-1.0,96.0,14:00-15:00,0.0
UNKNOWN,No Helmet,2026-06-13 14:21:11,Junction A,18.5204,73.8567,0.3786,-1.0,96.0,14:00-15:00,0.0
UNKNOWN,No Helmet,2026-06-13 14:21:11,Junction A,18.5204,73.8567,0.1973,-1.0,96.0,14:00-15:00,0.0
UNKNOWN,No Helmet,2026-06-13 14:21:11,Junction A,18.5204,73.8567,0.3786,-1.0,96.0,14:00-15:00,0.0
UNKNOWN,No Helmet,2026-06-13 14:21:11,Junction A,18.5204,73.8567,0.3786,-1.0,96.0,14:00-15:00,0.0
UNKNOWN,No Helmet,2026-06-13 14:21:11,Junction A,18.5204,73.8567,0.3786,-1.0,96.0,14:00-15:00,0.0
UNKNOWN,No Helmet,2026-06-13 14:21:11,Junction A,18.5204,73.8567,0.3786,-1.0,96.0,14:00-15:00,0.0
UNKNOWN,No Helmet,2026-06-13 14:21:15,Junction A,18.5204,73.8567,0.4978,-1.0,99.0,14:00-15:00,0.0
UNKNOWN,No Helmet,2026-06-13 14:21:15,Junction A,18.5204,73.8567,0.2207,-1.0,99.0,14:00-15:00,0.0
UNKNOWN,No Helmet,2026-06-13 14:21:15,Junction A,18.5204,73.8567,0.4978,-1.0,99.0,14:00-15:00,0.0
UNKNOWN,No Helmet,2026-06-13 14:21:16,Junction A,18.5204,73.8567,0.2207,-1.0,99.0,14:00-15:00,0.0
UNKNOWN,No Helmet,2026-06-13 14:21:16,Junction A,18.5204,73.8567,0.4978,-1.0,99.0,14:00-15:00,0.0
UNKNOWN,No Helmet,2026-06-13 14:21:16,Junction A,18.5204,73.8567,0.4978,-1.0,99.0,14:00-15:00,0.0
UNKNOWN,No Helmet,2026-06-13 14:21:16,Junction A,18.5204,73.8567,0.4978,-1.0,99.0,14:00-15:00,0.0
UNKNOWN,No Helmet,2026-06-13 14:21:16,Junction A,18.5204,73.8567,0.4978,-1.0,99.0,14:00-15:00,0.0
UNKNOWN,No Helmet,2026-06-13 14:21:19,Junction A,18.5204,73.8567,0.3245,-1.0,102.0,14:00-15:00,0.0
UNKNOWN,No Helmet,2026-06-13 14:21:19,Junction A,18.5204,73.8567,0.4909,-1.0,102.0,14:00-15:00,0.0
UNKNOWN,No Helmet,2026-06-13 14:21:19,Junction A,18.5204,73.8567,0.169,-1.0,102.0,14:00-15:00,0.0
UNKNOWN,No Helmet,2026-06-13 14:21:19,Junction A,18.5204,73.8567,0.3245,-1.0,102.0,14:00-15:00,0.0
UNKNOWN,No Helmet,2026-06-13 14:21:19,Junction A,18.5204,73.8567,0.169,-1.0,102.0,14:00-15:00,0.0
UNKNOWN,No Helmet,2026-06-13 14:21:19,Junction A,18.5204,73.8567,0.3245,-1.0,102.0,14:00-15:00,0.0
UNKNOWN,No Helmet,2026-06-13 14:21:19,Junction A,18.5204,73.8567,0.3245,-1.0,102.0,14:00-15:00,0.0
UNKNOWN,No Helmet,2026-06-13 14:21:19,Junction A,18.5204,73.8567,0.3245,-1.0,102.0,14:00-15:00,0.0
UNKNOWN,No Helmet,2026-06-13 14:21:19,Junction A,18.5204,73.8567,0.3245,-1.0,102.0,14:00-15:00,0.0
UNKNOWN,No Helmet,2026-06-13 14:21:24,Junction A,18.5204,73.8567,0.2941,-1.0,105.0,14:00-15:00,0.0
UNKNOWN,No Helmet,2026-06-13 14:21:24,Junction A,18.5204,73.8567,0.6931,-1.0,105.0,14:00-15:00,0.0
UNKNOWN,No Helmet,2026-06-13 14:21:24,Junction A,18.5204,73.8567,0.1558,-1.0,105.0,14:00-15:00,0.0
UNKNOWN,No Helmet,2026-06-13 14:21:24,Junction A,18.5204,73.8567,0.2941,-1.0,105.0,14:00-15:00,0.0
UNKNOWN,No Helmet,2026-06-13 14:21:24,Junction A,18.5204,73.8567,0.1558,-1.0,105.0,14:00-15:00,0.0
UNKNOWN,No Helmet,2026-06-13 14:21:24,Junction A,18.5204,73.8567,0.2941,-1.0,105.0,14:00-15:00,0.0
UNKNOWN,No Helmet,2026-06-13 14:21:24,Junction A,18.5204,73.8567,0.2941,-1.0,105.0,14:00-15:00,0.0
UNKNOWN,No Helmet,2026-06-13 14:21:24,Junction A,18.5204,73.8567,0.2941,-1.0,105.0,14:00-15:00,0.0
UNKNOWN,No Helmet,2026-06-13 14:21:24,Junction A,18.5204,73.8567,0.2941,-1.0,105.0,14:00-15:00,0.0
UNKNOWN,No Helmet,2026-06-13 14:21:27,Junction A,18.5204,73.8567,0.3123,-1.0,108.0,14:00-15:00,0.0
UNKNOWN,No Helmet,2026-06-13 14:21:27,Junction A,18.5204,73.8567,0.1541,-1.0,108.0,14:00-15:00,0.0
UNKNOWN,No Helmet,2026-06-13 14:21:27,Junction A,18.5204,73.8567,0.4723,-1.0,108.0,14:00-15:00,0.0
UNKNOWN,No Helmet,2026-06-13 14:21:27,Junction A,18.5204,73.8567,0.1541,-1.0,108.0,14:00-15:00,0.0
UNKNOWN,No Helmet,2026-06-13 14:21:27,Junction A,18.5204,73.8567,0.4723,-1.0,108.0,14:00-15:00,0.0
UNKNOWN,No Helmet,2026-06-13 14:21:27,Junction A,18.5204,73.8567,0.4723,-1.0,108.0,14:00-15:00,0.0
UNKNOWN,No Helmet,2026-06-13 14:21:30,Junction A,18.5204,73.8567,0.5792,-1.0,111.0,14:00-15:00,0.0
UNKNOWN,No Helmet,2026-06-13 14:21:30,Junction A,18.5204,73.8567,0.4929,-1.0,111.0,14:00-15:00,0.0
UNKNOWN,No Helmet,2026-06-13 14:21:30,Junction A,18.5204,73.8567,0.4929,-1.0,111.0,14:00-15:00,0.0
UNKNOWN,No Helmet,2026-06-13 14:21:30,Junction A,18.5204,73.8567,0.4929,-1.0,111.0,14:00-15:00,0.0
UNKNOWN,No Helmet,2026-06-13 14:21:30,Junction A,18.5204,73.8567,0.5537,-1.0,114.0,14:00-15:00,0.0
UNKNOWN,No Helmet,2026-06-13 14:21:30,Junction A,18.5204,73.8567,0.3376,-1.0,114.0,14:00-15:00,0.0
UNKNOWN,No Helmet,2026-06-13 14:21:30,Junction A,18.5204,73.8567,0.3376,-1.0,114.0,14:00-15:00,0.0
UNKNOWN,No Helmet,2026-06-13 14:21:31,Junction A,18.5204,73.8567,0.6943,-1.0,117.0,14:00-15:00,0.0
UNKNOWN,No Helmet,2026-06-13 14:21:31,Junction A,18.5204,73.8567,0.2385,-1.0,117.0,14:00-15:00,0.0
UNKNOWN,No Helmet,2026-06-13 14:21:31,Junction A,18.5204,73.8567,0.2385,-1.0,117.0,14:00-15:00,0.0
UNKNOWN,No Helmet,2026-06-13 14:21:32,Junction A,18.5204,73.8567,0.3737,-1.0,120.0,14:00-15:00,0.0
UNKNOWN,No Helmet,2026-06-13 14:21:32,Junction A,18.5204,73.8567,0.4194,-1.0,120.0,14:00-15:00,0.0
UNKNOWN,No Helmet,2026-06-13 14:21:32,Junction A,18.5204,73.8567,0.1791,-1.0,120.0,14:00-15:00,0.0
UNKNOWN,No Helmet,2026-06-13 14:21:32,Junction A,18.5204,73.8567,0.4194,-1.0,120.0,14:00-15:00,0.0
UNKNOWN,No Helmet,2026-06-13 14:21:32,Junction A,18.5204,73.8567,0.1791,-1.0,120.0,14:00-15:00,0.0
UNKNOWN,No Helmet,2026-06-13 14:21:33,Junction A,18.5204,73.8567,0.6334,-1.0,123.0,14:00-15:00,0.0
UNKNOWN,No Helmet,2026-06-13 14:21:33,Junction A,18.5204,73.8567,0.1911,-1.0,123.0,14:00-15:00,0.0
UNKNOWN,No Helmet,2026-06-13 14:21:33,Junction A,18.5204,73.8567,0.2079,-1.0,123.0,14:00-15:00,0.0
UNKNOWN,No Helmet,2026-06-13 14:21:33,Junction A,18.5204,73.8567,0.2079,-1.0,123.0,14:00-15:00,0.0
UNKNOWN,No Helmet,2026-06-13 14:21:33,Junction A,18.5204,73.8567,0.1911,-1.0,123.0,14:00-15:00,0.0
UNKNOWN,Triple Riding,2026-06-13 14:21:33,Junction A,18.5204,73.8567,0.4722,93.0,126.0,14:00-15:00,3.0
UNKNOWN,Triple Riding,2026-06-13 14:21:33,Junction A,18.5204,73.8567,0.4988,167.0,126.0,14:00-15:00,3.0
UNKNOWN,No Helmet,2026-06-13 14:21:34,Junction A,18.5204,73.8567,0.2304,-1.0,126.0,14:00-15:00,0.0
UNKNOWN,No Helmet,2026-06-13 14:21:34,Junction A,18.5204,73.8567,0.2304,-1.0,126.0,14:00-15:00,0.0
UNKNOWN,No Helmet,2026-06-13 14:21:34,Junction A,18.5204,73.8567,0.3029,-1.0,126.0,14:00-15:00,0.0
UNKNOWN,No Helmet,2026-06-13 14:21:34,Junction A,18.5204,73.8567,0.3029,-1.0,126.0,14:00-15:00,0.0
UNKNOWN,No Helmet,2026-06-13 14:21:34,Junction A,18.5204,73.8567,0.2304,-1.0,126.0,14:00-15:00,0.0
UNKNOWN,No Helmet,2026-06-13 14:21:34,Junction A,18.5204,73.8567,0.2304,-1.0,126.0,14:00-15:00,0.0
UNKNOWN,No Helmet,2026-06-13 14:21:34,Junction A,18.5204,73.8567,0.2304,-1.0,126.0,14:00-15:00,0.0
UNKNOWN,No Helmet,2026-06-13 14:21:34,Junction A,18.5204,73.8567,0.2304,-1.0,126.0,14:00-15:00,0.0
UNKNOWN,No Helmet,2026-06-13 14:21:34,Junction A,18.5204,73.8567,0.6164,-1.0,129.0,14:00-15:00,0.0
UNKNOWN,No Helmet,2026-06-13 14:21:34,Junction A,18.5204,73.8567,0.2334,-1.0,129.0,14:00-15:00,0.0
UNKNOWN,No Helmet,2026-06-13 14:21:34,Junction A,18.5204,73.8567,0.2334,-1.0,129.0,14:00-15:00,0.0
UNKNOWN,No Helmet,2026-06-13 14:21:34,Junction A,18.5204,73.8567,0.2507,-1.0,129.0,14:00-15:00,0.0
UNKNOWN,No Helmet,2026-06-13 14:21:34,Junction A,18.5204,73.8567,0.2507,-1.0,129.0,14:00-15:00,0.0
UNKNOWN,No Helmet,2026-06-13 14:21:34,Junction A,18.5204,73.8567,0.2334,-1.0,129.0,14:00-15:00,0.0
UNKNOWN,No Helmet,2026-06-13 14:21:34,Junction A,18.5204,73.8567,0.2334,-1.0,129.0,14:00-15:00,0.0
UNKNOWN,No Helmet,2026-06-13 14:21:35,Junction A,18.5204,73.8567,0.4638,-1.0,132.0,14:00-15:00,0.0
UNKNOWN,No Helmet,2026-06-13 14:21:35,Junction A,18.5204,73.8567,0.2117,-1.0,132.0,14:00-15:00,0.0
UNKNOWN,No Helmet,2026-06-13 14:21:35,Junction A,18.5204,73.8567,0.2117,-1.0,132.0,14:00-15:00,0.0
UNKNOWN,No Helmet,2026-06-13 14:21:35,Junction A,18.5204,73.8567,0.4029,-1.0,132.0,14:00-15:00,0.0
UNKNOWN,No Helmet,2026-06-13 14:21:35,Junction A,18.5204,73.8567,0.4029,-1.0,132.0,14:00-15:00,0.0
UNKNOWN,No Helmet,2026-06-13 14:21:35,Junction A,18.5204,73.8567,0.2117,-1.0,132.0,14:00-15:00,0.0
UNKNOWN,No Helmet,2026-06-13 14:21:35,Junction A,18.5204,73.8567,0.2117,-1.0,132.0,14:00-15:00,0.0
UNKNOWN,No Helmet,2026-06-13 14:21:36,Junction A,18.5204,73.8567,0.2864,-1.0,135.0,14:00-15:00,0.0
UNKNOWN,No Helmet,2026-06-13 14:21:36,Junction A,18.5204,73.8567,0.1897,-1.0,135.0,14:00-15:00,0.0
UNKNOWN,No Helmet,2026-06-13 14:21:36,Junction A,18.5204,73.8567,0.1897,-1.0,135.0,14:00-15:00,0.0
UNKNOWN,No Helmet,2026-06-13 14:21:36,Junction A,18.5204,73.8567,0.4892,-1.0,135.0,14:00-15:00,0.0
UNKNOWN,No Helmet,2026-06-13 14:21:36,Junction A,18.5204,73.8567,0.4892,-1.0,135.0,14:00-15:00,0.0
UNKNOWN,No Helmet,2026-06-13 14:21:36,Junction A,18.5204,73.8567,0.1897,-1.0,135.0,14:00-15:00,0.0
UNKNOWN,No Helmet,2026-06-13 14:21:36,Junction A,18.5204,73.8567,0.1897,-1.0,135.0,14:00-15:00,0.0
UNKNOWN,Triple Riding,2026-06-13 14:21:36,Junction A,18.5204,73.8567,0.6233,6.0,138.0,14:00-15:00,4.0
UNKNOWN,No Helmet,2026-06-13 14:21:37,Junction A,18.5204,73.8567,0.4139,-1.0,138.0,14:00-15:00,0.0
UNKNOWN,No Helmet,2026-06-13 14:21:37,Junction A,18.5204,73.8567,0.1907,-1.0,138.0,14:00-15:00,0.0
UNKNOWN,No Helmet,2026-06-13 14:21:37,Junction A,18.5204,73.8567,0.1907,-1.0,138.0,14:00-15:00,0.0
UNKNOWN,No Helmet,2026-06-13 14:21:37,Junction A,18.5204,73.8567,0.4399,-1.0,138.0,14:00-15:00,0.0
UNKNOWN,No Helmet,2026-06-13 14:21:37,Junction A,18.5204,73.8567,0.4399,-1.0,138.0,14:00-15:00,0.0
UNKNOWN,No Helmet,2026-06-13 14:21:37,Junction A,18.5204,73.8567,0.1907,-1.0,138.0,14:00-15:00,0.0
UNKNOWN,No Helmet,2026-06-13 14:21:37,Junction A,18.5204,73.8567,0.1907,-1.0,138.0,14:00-15:00,0.0
UNKNOWN,No Helmet,2026-06-13 14:21:37,Junction A,18.5204,73.8567,0.3265,-1.0,141.0,14:00-15:00,0.0
UNKNOWN,No Helmet,2026-06-13 14:21:37,Junction A,18.5204,73.8567,0.2686,-1.0,141.0,14:00-15:00,0.0
UNKNOWN,No Helmet,2026-06-13 14:21:37,Junction A,18.5204,73.8567,0.2686,-1.0,141.0,14:00-15:00,0.0
UNKNOWN,No Helmet,2026-06-13 14:21:37,Junction A,18.5204,73.8567,0.3081,-1.0,141.0,14:00-15:00,0.0
UNKNOWN,No Helmet,2026-06-13 14:21:37,Junction A,18.5204,73.8567,0.3081,-1.0,141.0,14:00-15:00,0.0
UNKNOWN,No Helmet,2026-06-13 14:21:37,Junction A,18.5204,73.8567,0.2686,-1.0,141.0,14:00-15:00,0.0
UNKNOWN,No Helmet,2026-06-13 14:21:37,Junction A,18.5204,73.8567,0.2686,-1.0,141.0,14:00-15:00,0.0
UNKNOWN,No Helmet,2026-06-13 14:21:38,Junction A,18.5204,73.8567,0.5724,-1.0,144.0,14:00-15:00,0.0
UNKNOWN,No Helmet,2026-06-13 14:21:38,Junction A,18.5204,73.8567,0.3402,-1.0,144.0,14:00-15:00,0.0
UNKNOWN,No Helmet,2026-06-13 14:21:38,Junction A,18.5204,73.8567,0.3402,-1.0,144.0,14:00-15:00,0.0
UNKNOWN,No Helmet,2026-06-13 14:21:38,Junction A,18.5204,73.8567,0.4104,-1.0,144.0,14:00-15:00,0.0
UNKNOWN,No Helmet,2026-06-13 14:21:38,Junction A,18.5204,73.8567,0.4104,-1.0,144.0,14:00-15:00,0.0
UNKNOWN,No Helmet,2026-06-13 14:21:38,Junction A,18.5204,73.8567,0.3402,-1.0,144.0,14:00-15:00,0.0
UNKNOWN,No Helmet,2026-06-13 14:21:38,Junction A,18.5204,73.8567,0.3402,-1.0,144.0,14:00-15:00,0.0
UNKNOWN,No Helmet,2026-06-13 14:21:39,Junction A,18.5204,73.8567,0.521,-1.0,147.0,14:00-15:00,0.0
UNKNOWN,No Helmet,2026-06-13 14:21:39,Junction A,18.5204,73.8567,0.3703,-1.0,147.0,14:00-15:00,0.0
UNKNOWN,No Helmet,2026-06-13 14:21:39,Junction A,18.5204,73.8567,0.3703,-1.0,147.0,14:00-15:00,0.0
UNKNOWN,No Helmet,2026-06-13 14:21:39,Junction A,18.5204,73.8567,0.3564,-1.0,147.0,14:00-15:00,0.0
UNKNOWN,No Helmet,2026-06-13 14:21:39,Junction A,18.5204,73.8567,0.3564,-1.0,147.0,14:00-15:00,0.0
UNKNOWN,No Helmet,2026-06-13 14:21:39,Junction A,18.5204,73.8567,0.3703,-1.0,147.0,14:00-15:00,0.0
UNKNOWN,No Helmet,2026-06-13 14:21:39,Junction A,18.5204,73.8567,0.3703,-1.0,147.0,14:00-15:00,0.0
UNKNOWN,No Helmet,2026-06-13 14:21:40,Junction A,18.5204,73.8567,0.4937,-1.0,150.0,14:00-15:00,0.0
UNKNOWN,No Helmet,2026-06-13 14:21:40,Junction A,18.5204,73.8567,0.5349,-1.0,150.0,14:00-15:00,0.0
UNKNOWN,No Helmet,2026-06-13 14:21:40,Junction A,18.5204,73.8567,0.552,-1.0,150.0,14:00-15:00,0.0
UNKNOWN,No Helmet,2026-06-13 14:21:40,Junction A,18.5204,73.8567,0.552,-1.0,150.0,14:00-15:00,0.0
UNKNOWN,No Helmet,2026-06-13 14:21:40,Junction A,18.5204,73.8567,0.5349,-1.0,150.0,14:00-15:00,0.0
UNKNOWN,No Helmet,2026-06-13 14:21:40,Junction A,18.5204,73.8567,0.5221,-1.0,153.0,14:00-15:00,0.0
UNKNOWN,No Helmet,2026-06-13 14:21:40,Junction A,18.5204,73.8567,0.6691,-1.0,153.0,14:00-15:00,0.0
UNKNOWN,No Helmet,2026-06-13 14:21:40,Junction A,18.5204,73.8567,0.5577,-1.0,153.0,14:00-15:00,0.0
UNKNOWN,No Helmet,2026-06-13 14:21:40,Junction A,18.5204,73.8567,0.6691,-1.0,153.0,14:00-15:00,0.0
UNKNOWN,No Helmet,2026-06-13 14:21:41,Junction A,18.5204,73.8567,0.1728,-1.0,156.0,14:00-15:00,0.0
UNKNOWN,No Helmet,2026-06-13 14:21:41,Junction A,18.5204,73.8567,0.5831,-1.0,156.0,14:00-15:00,0.0
UNKNOWN,No Helmet,2026-06-13 14:21:41,Junction A,18.5204,73.8567,0.4554,-1.0,156.0,14:00-15:00,0.0
UNKNOWN,No Helmet,2026-06-13 14:21:41,Junction A,18.5204,73.8567,0.4554,-1.0,156.0,14:00-15:00,0.0
UNKNOWN,No Helmet,2026-06-13 14:21:41,Junction A,18.5204,73.8567,0.5831,-1.0,156.0,14:00-15:00,0.0
UNKNOWN,No Helmet,2026-06-13 14:21:42,Junction A,18.5204,73.8567,0.399,-1.0,159.0,14:00-15:00,0.0
UNKNOWN,No Helmet,2026-06-13 14:21:42,Junction A,18.5204,73.8567,0.445,-1.0,159.0,14:00-15:00,0.0
UNKNOWN,No Helmet,2026-06-13 14:21:42,Junction A,18.5204,73.8567,0.4421,-1.0,159.0,14:00-15:00,0.0
UNKNOWN,No Helmet,2026-06-13 14:21:42,Junction A,18.5204,73.8567,0.4421,-1.0,159.0,14:00-15:00,0.0
UNKNOWN,No Helmet,2026-06-13 14:21:42,Junction A,18.5204,73.8567,0.445,-1.0,159.0,14:00-15:00,0.0
UNKNOWN,No Helmet,2026-06-13 14:21:42,Junction A,18.5204,73.8567,0.1761,-1.0,162.0,14:00-15:00,0.0
UNKNOWN,No Helmet,2026-06-13 14:21:43,Junction A,18.5204,73.8567,0.4086,-1.0,162.0,14:00-15:00,0.0
UNKNOWN,No Helmet,2026-06-13 14:21:43,Junction A,18.5204,73.8567,0.3582,-1.0,162.0,14:00-15:00,0.0
UNKNOWN,No Helmet,2026-06-13 14:21:43,Junction A,18.5204,73.8567,0.4086,-1.0,162.0,14:00-15:00,0.0
UNKNOWN,No Helmet,2026-06-13 14:21:43,Junction A,18.5204,73.8567,0.4895,-1.0,165.0,14:00-15:00,0.0
UNKNOWN,No Helmet,2026-06-13 14:21:43,Junction A,18.5204,73.8567,0.5818,-1.0,165.0,14:00-15:00,0.0
UNKNOWN,No Helmet,2026-06-13 14:21:43,Junction A,18.5204,73.8567,0.4895,-1.0,165.0,14:00-15:00,0.0
UNKNOWN,No Helmet,2026-06-13 14:21:44,Junction A,18.5204,73.8567,0.4904,-1.0,168.0,14:00-15:00,0.0
UNKNOWN,No Helmet,2026-06-13 14:21:44,Junction A,18.5204,73.8567,0.5697,-1.0,168.0,14:00-15:00,0.0
UNKNOWN,No Helmet,2026-06-13 14:21:44,Junction A,18.5204,73.8567,0.4904,-1.0,168.0,14:00-15:00,0.0
UNKNOWN,No Helmet,2026-06-13 14:21:45,Junction A,18.5204,73.8567,0.4635,-1.0,171.0,14:00-15:00,0.0
UNKNOWN,No Helmet,2026-06-13 14:21:45,Junction A,18.5204,73.8567,0.481,-1.0,171.0,14:00-15:00,0.0
UNKNOWN,No Helmet,2026-06-13 14:21:45,Junction A,18.5204,73.8567,0.4635,-1.0,171.0,14:00-15:00,0.0
UNKNOWN,No Helmet,2026-06-13 14:21:46,Junction A,18.5204,73.8567,0.4003,-1.0,174.0,14:00-15:00,0.0
UNKNOWN,No Helmet,2026-06-13 14:21:46,Junction A,18.5204,73.8567,0.5206,-1.0,174.0,14:00-15:00,0.0
UNKNOWN,No Helmet,2026-06-13 14:21:46,Junction A,18.5204,73.8567,0.4003,-1.0,174.0,14:00-15:00,0.0
UNKNOWN,No Helmet,2026-06-13 14:21:53,Junction A,18.5204,73.8567,0.3442,-1.0,177.0,14:00-15:00,0.0
UNKNOWN,No Helmet,2026-06-13 14:21:54,Junction A,18.5204,73.8567,0.3763,-1.0,177.0,14:00-15:00,0.0
UNKNOWN,No Helmet,2026-06-13 14:21:54,Junction A,18.5204,73.8567,0.3442,-1.0,177.0,14:00-15:00,0.0
UNKNOWN,No Helmet,2026-06-13 14:22:00,Junction A,18.5204,73.8567,0.4291,-1.0,180.0,14:00-15:00,0.0
UNKNOWN,No Helmet,2026-06-13 14:22:00,Junction A,18.5204,73.8567,0.1784,-1.0,180.0,14:00-15:00,0.0
UNKNOWN,No Helmet,2026-06-13 14:22:00,Junction A,18.5204,73.8567,0.3818,-1.0,180.0,14:00-15:00,0.0
UNKNOWN,No Helmet,2026-06-13 14:22:00,Junction A,18.5204,73.8567,0.4291,-1.0,180.0,14:00-15:00,0.0
UNKNOWN,Triple Riding,2026-06-13 14:22:02,Junction A,18.5204,73.8567,0.7444,6.0,183.0,14:00-15:00,3.0
UNKNOWN,No Helmet,2026-06-13 14:22:02,Junction A,18.5204,73.8567,0.3578,-1.0,183.0,14:00-15:00,0.0
UNKNOWN,No Helmet,2026-06-13 14:22:02,Junction A,18.5204,73.8567,0.4385,-1.0,183.0,14:00-15:00,0.0
UNKNOWN,No Helmet,2026-06-13 14:22:02,Junction A,18.5204,73.8567,0.3578,-1.0,183.0,14:00-15:00,0.0
UNKNOWN,Triple Riding,2026-06-13 14:24:32,Junction A,18.5204,73.8567,0.8165,5.0,3.0,14:00-15:00,3.0
UNKNOWN,Triple Riding,2026-06-13 14:24:32,Junction A,18.5204,73.8567,0.572,6.0,3.0,14:00-15:00,7.0
UNKNOWN,Triple Riding,2026-06-13 14:24:32,Junction A,18.5204,73.8567,0.5062,7.0,3.0,14:00-15:00,4.0
UNKNOWN,Triple Riding,2026-06-13 14:24:43,Junction A,18.5204,73.8567,0.8165,5.0,3.0,14:00-15:00,3.0
UNKNOWN,Triple Riding,2026-06-13 14:24:43,Junction A,18.5204,73.8567,0.572,6.0,3.0,14:00-15:00,7.0
UNKNOWN,Triple Riding,2026-06-13 14:24:43,Junction A,18.5204,73.8567,0.5062,7.0,3.0,14:00-15:00,4.0
UNKNOWN,Triple Riding,2026-06-13 14:24:57,Junction A,18.5204,73.8567,0.4817,14.0,21.0,14:00-15:00,3.0
UNKNOWN,Triple Riding,2026-06-13 14:25:17,Junction A,18.5204,73.8567,0.7664,6.0,48.0,14:00-15:00,5.0
UNKNOWN,Triple Riding,2026-06-13 14:25:28,Junction A,18.5204,73.8567,0.6834,7.0,60.0,14:00-15:00,3.0
UNKNOWN,Triple Riding,2026-06-13 14:25:44,Junction A,18.5204,73.8567,0.6457,8.0,81.0,14:00-15:00,3.0
UNKNOWN,Triple Riding,2026-06-13 14:25:44,Junction A,18.5204,73.8567,0.6521,9.0,81.0,14:00-15:00,3.0
UNKNOWN,Triple Riding,2026-06-13 14:25:50,Junction A,18.5204,73.8567,0.7035,6.0,93.0,14:00-15:00,6.0
UNKNOWN,No Helmet,2026-06-13 14:25:53,Junction A,18.5204,73.8567,0.2941,-1.0,105.0,14:00-15:00,0.0
UNKNOWN,No Helmet,2026-06-13 14:25:53,Junction A,18.5204,73.8567,0.2941,-1.0,105.0,14:00-15:00,0.0
UNKNOWN,No Helmet,2026-06-13 14:25:53,Junction A,18.5204,73.8567,0.2941,-1.0,105.0,14:00-15:00,0.0
UNKNOWN,No Helmet,2026-06-13 14:25:55,Junction A,18.5204,73.8567,0.4929,-1.0,111.0,14:00-15:00,0.0
UNKNOWN,No Helmet,2026-06-13 14:25:55,Junction A,18.5204,73.8567,0.4929,-1.0,111.0,14:00-15:00,0.0
UNKNOWN,No Helmet,2026-06-13 14:25:55,Junction A,18.5204,73.8567,0.4929,-1.0,111.0,14:00-15:00,0.0
UNKNOWN,No Helmet,2026-06-13 14:25:55,Junction A,18.5204,73.8567,0.3376,-1.0,114.0,14:00-15:00,0.0
UNKNOWN,No Helmet,2026-06-13 14:25:55,Junction A,18.5204,73.8567,0.3376,-1.0,114.0,14:00-15:00,0.0
UNKNOWN,No Helmet,2026-06-13 14:25:57,Junction A,18.5204,73.8567,0.4194,-1.0,120.0,14:00-15:00,0.0
UNKNOWN,No Helmet,2026-06-13 14:25:57,Junction A,18.5204,73.8567,0.1791,-1.0,120.0,14:00-15:00,0.0
UNKNOWN,No Helmet,2026-06-13 14:25:57,Junction A,18.5204,73.8567,0.4194,-1.0,120.0,14:00-15:00,0.0
UNKNOWN,No Helmet,2026-06-13 14:25:57,Junction A,18.5204,73.8567,0.1791,-1.0,120.0,14:00-15:00,0.0
UNKNOWN,Triple Riding,2026-06-13 14:25:58,Junction A,18.5204,73.8567,0.4722,93.0,126.0,14:00-15:00,3.0
UNKNOWN,Triple Riding,2026-06-13 14:25:58,Junction A,18.5204,73.8567,0.4988,167.0,126.0,14:00-15:00,3.0
UNKNOWN,No Helmet,2026-06-13 14:25:58,Junction A,18.5204,73.8567,0.2304,-1.0,126.0,14:00-15:00,0.0
UNKNOWN,No Helmet,2026-06-13 14:25:58,Junction A,18.5204,73.8567,0.2304,-1.0,126.0,14:00-15:00,0.0
UNKNOWN,No Helmet,2026-06-13 14:25:58,Junction A,18.5204,73.8567,0.2304,-1.0,126.0,14:00-15:00,0.0
UNKNOWN,No Helmet,2026-06-13 14:25:59,Junction A,18.5204,73.8567,0.2334,-1.0,129.0,14:00-15:00,0.0
UNKNOWN,No Helmet,2026-06-13 14:25:59,Junction A,18.5204,73.8567,0.2334,-1.0,129.0,14:00-15:00,0.0
UNKNOWN,No Helmet,2026-06-13 14:26:00,Junction A,18.5204,73.8567,0.2117,-1.0,132.0,14:00-15:00,0.0
UNKNOWN,No Helmet,2026-06-13 14:26:00,Junction A,18.5204,73.8567,0.2117,-1.0,132.0,14:00-15:00,0.0
UNKNOWN,No Helmet,2026-06-13 14:26:01,Junction A,18.5204,73.8567,0.1897,-1.0,135.0,14:00-15:00,0.0
UNKNOWN,No Helmet,2026-06-13 14:26:01,Junction A,18.5204,73.8567,0.1897,-1.0,135.0,14:00-15:00,0.0
UNKNOWN,Triple Riding,2026-06-13 14:26:01,Junction A,18.5204,73.8567,0.6233,6.0,138.0,14:00-15:00,4.0
UNKNOWN,No Helmet,2026-06-13 14:26:01,Junction A,18.5204,73.8567,0.1907,-1.0,138.0,14:00-15:00,0.0
UNKNOWN,No Helmet,2026-06-13 14:26:01,Junction A,18.5204,73.8567,0.1907,-1.0,138.0,14:00-15:00,0.0
UNKNOWN,No Helmet,2026-06-13 14:26:02,Junction A,18.5204,73.8567,0.2686,-1.0,141.0,14:00-15:00,0.0
UNKNOWN,No Helmet,2026-06-13 14:26:02,Junction A,18.5204,73.8567,0.2686,-1.0,141.0,14:00-15:00,0.0
UNKNOWN,No Helmet,2026-06-13 14:26:03,Junction A,18.5204,73.8567,0.3402,-1.0,144.0,14:00-15:00,0.0
UNKNOWN,No Helmet,2026-06-13 14:26:03,Junction A,18.5204,73.8567,0.3402,-1.0,144.0,14:00-15:00,0.0
UNKNOWN,No Helmet,2026-06-13 14:26:03,Junction A,18.5204,73.8567,0.3703,-1.0,147.0,14:00-15:00,0.0
UNKNOWN,No Helmet,2026-06-13 14:26:03,Junction A,18.5204,73.8567,0.3703,-1.0,147.0,14:00-15:00,0.0
UNKNOWN,Triple Riding,2026-06-13 14:26:11,Junction A,18.5204,73.8567,0.7444,6.0,183.0,14:00-15:00,3.0
UNKNOWN,Triple Riding,2026-06-13 14:26:14,Junction A,18.5204,73.8567,0.6441,214.0,195.0,14:00-15:00,4.0
UNKNOWN,Triple Riding,2026-06-13 14:26:22,Junction A,18.5204,73.8567,0.4655,69.0,228.0,14:00-15:00,3.0
UNKNOWN,Triple Riding,2026-06-13 14:26:24,Junction A,18.5204,73.8567,0.5349,214.0,240.0,14:00-15:00,3.0
UNKNOWN,Triple Riding,2026-06-13 14:28:42,Junction A,18.5204,73.8567,0.8165,5.0,3.0,14:00-15:00,3.0
UNKNOWN,Triple Riding,2026-06-13 14:28:42,Junction A,18.5204,73.8567,0.572,6.0,3.0,14:00-15:00,7.0
UNKNOWN,Triple Riding,2026-06-13 14:28:42,Junction A,18.5204,73.8567,0.5062,7.0,3.0,14:00-15:00,4.0
UNKNOWN,No Helmet,2026-06-13 14:28:56,Junction A,18.5204,73.8567,0.1911,-1.0,18.0,14:00-15:00,0.0
UNKNOWN,No Helmet,2026-06-13 14:28:56,Junction A,18.5204,73.8567,0.1911,-1.0,18.0,14:00-15:00,0.0
UNKNOWN,Triple Riding,2026-06-13 14:28:58,Junction A,18.5204,73.8567,0.4817,14.0,21.0,14:00-15:00,3.0
UNKNOWN,No Helmet,2026-06-13 14:28:59,Junction A,18.5204,73.8567,0.2098,-1.0,21.0,14:00-15:00,0.0
UNKNOWN,No Helmet,2026-06-13 14:28:59,Junction A,18.5204,73.8567,0.2098,-1.0,21.0,14:00-15:00,0.0
UNKNOWN,No Helmet,2026-06-13 14:29:01,Junction A,18.5204,73.8567,0.2052,-1.0,24.0,14:00-15:00,0.0
UNKNOWN,No Helmet,2026-06-13 14:29:01,Junction A,18.5204,73.8567,0.2052,-1.0,24.0,14:00-15:00,0.0
UNKNOWN,No Helmet,2026-06-13 14:29:04,Junction A,18.5204,73.8567,0.2698,-1.0,27.0,14:00-15:00,0.0
UNKNOWN,No Helmet,2026-06-13 14:29:04,Junction A,18.5204,73.8567,0.2698,-1.0,27.0,14:00-15:00,0.0
UNKNOWN,Triple Riding,2026-06-13 14:29:20,Junction A,18.5204,73.8567,0.7664,6.0,48.0,14:00-15:00,5.0
UNKNOWN,Triple Riding,2026-06-13 14:29:32,Junction A,18.5204,73.8567,0.6834,7.0,60.0,14:00-15:00,3.0
UNKNOWN,No Helmet,2026-06-13 14:29:32,Junction A,18.5204,73.8567,0.2009,-1.0,60.0,14:00-15:00,0.0
UNKNOWN,No Helmet,2026-06-13 14:29:39,Junction A,18.5204,73.8567,0.3993,-1.0,69.0,14:00-15:00,0.0
UNKNOWN,No Helmet,2026-06-13 14:29:39,Junction A,18.5204,73.8567,0.3993,-1.0,69.0,14:00-15:00,0.0
UNKNOWN,Triple Riding,2026-06-13 14:29:52,Junction A,18.5204,73.8567,0.6457,8.0,81.0,14:00-15:00,3.0
UNKNOWN,Triple Riding,2026-06-13 14:29:52,Junction A,18.5204,73.8567,0.6521,9.0,81.0,14:00-15:00,3.0
UNKNOWN,No Helmet,2026-06-13 14:29:53,Junction A,18.5204,73.8567,0.3218,-1.0,81.0,14:00-15:00,0.0
UNKNOWN,No Helmet,2026-06-13 14:29:53,Junction A,18.5204,73.8567,0.3218,-1.0,81.0,14:00-15:00,0.0
UNKNOWN,No Helmet,2026-06-13 14:29:53,Junction A,18.5204,73.8567,0.3218,-1.0,81.0,14:00-15:00,0.0
UNKNOWN,No Helmet,2026-06-13 14:29:56,Junction A,18.5204,73.8567,0.2331,-1.0,84.0,14:00-15:00,0.0
UNKNOWN,No Helmet,2026-06-13 14:29:57,Junction A,18.5204,73.8567,0.2331,-1.0,84.0,14:00-15:00,0.0
UNKNOWN,No Helmet,2026-06-13 14:29:57,Junction A,18.5204,73.8567,0.2331,-1.0,84.0,14:00-15:00,0.0
UNKNOWN,No Helmet,2026-06-13 14:29:59,Junction A,18.5204,73.8567,0.1698,-1.0,87.0,14:00-15:00,0.0
UNKNOWN,No Helmet,2026-06-13 14:29:59,Junction A,18.5204,73.8567,0.1698,-1.0,87.0,14:00-15:00,0.0
UNKNOWN,No Helmet,2026-06-13 14:29:59,Junction A,18.5204,73.8567,0.1698,-1.0,87.0,14:00-15:00,0.0
UNKNOWN,No Helmet,2026-06-13 14:30:02,Junction A,18.5204,73.8567,0.2613,-1.0,90.0,14:00-15:00,0.0
UNKNOWN,No Helmet,2026-06-13 14:30:02,Junction A,18.5204,73.8567,0.3029,-1.0,90.0,14:00-15:00,0.0
UNKNOWN,No Helmet,2026-06-13 14:30:02,Junction A,18.5204,73.8567,0.3029,-1.0,90.0,14:00-15:00,0.0
UNKNOWN,No Helmet,2026-06-13 14:30:02,Junction A,18.5204,73.8567,0.3029,-1.0,90.0,14:00-15:00,0.0
UNKNOWN,Triple Riding,2026-06-13 14:30:04,Junction A,18.5204,73.8567,0.7035,6.0,93.0,14:00-15:00,6.0
UNKNOWN,No Helmet,2026-06-13 14:30:04,Junction A,18.5204,73.8567,0.1927,-1.0,93.0,14:00-15:00,0.0
UNKNOWN,No Helmet,2026-06-13 14:30:04,Junction A,18.5204,73.8567,0.1927,-1.0,93.0,14:00-15:00,0.0
UNKNOWN,No Helmet,2026-06-13 14:30:04,Junction A,18.5204,73.8567,0.1927,-1.0,93.0,14:00-15:00,0.0
UNKNOWN,No Helmet,2026-06-13 14:30:07,Junction A,18.5204,73.8567,0.3786,-1.0,96.0,14:00-15:00,0.0
UNKNOWN,No Helmet,2026-06-13 14:30:07,Junction A,18.5204,73.8567,0.3786,-1.0,96.0,14:00-15:00,0.0
UNKNOWN,No Helmet,2026-06-13 14:30:07,Junction A,18.5204,73.8567,0.3786,-1.0,96.0,14:00-15:00,0.0
UNKNOWN,No Helmet,2026-06-13 14:30:10,Junction A,18.5204,73.8567,0.4978,-1.0,99.0,14:00-15:00,0.0
UNKNOWN,No Helmet,2026-06-13 14:30:10,Junction A,18.5204,73.8567,0.4978,-1.0,99.0,14:00-15:00,0.0
UNKNOWN,No Helmet,2026-06-13 14:30:10,Junction A,18.5204,73.8567,0.4978,-1.0,99.0,14:00-15:00,0.0
UNKNOWN,No Helmet,2026-06-13 14:30:13,Junction A,18.5204,73.8567,0.4909,-1.0,102.0,14:00-15:00,0.0
UNKNOWN,No Helmet,2026-06-13 14:30:13,Junction A,18.5204,73.8567,0.3245,-1.0,102.0,14:00-15:00,0.0
UNKNOWN,No Helmet,2026-06-13 14:30:14,Junction A,18.5204,73.8567,0.3245,-1.0,102.0,14:00-15:00,0.0
UNKNOWN,No Helmet,2026-06-13 14:30:14,Junction A,18.5204,73.8567,0.3245,-1.0,102.0,14:00-15:00,0.0
UNKNOWN,No Helmet,2026-06-13 14:30:17,Junction A,18.5204,73.8567,0.2941,-1.0,105.0,14:00-15:00,0.0
UNKNOWN,No Helmet,2026-06-13 14:30:17,Junction A,18.5204,73.8567,0.6931,-1.0,105.0,14:00-15:00,0.0
UNKNOWN,No Helmet,2026-06-13 14:30:17,Junction A,18.5204,73.8567,0.2941,-1.0,105.0,14:00-15:00,0.0
UNKNOWN,No Helmet,2026-06-13 14:30:17,Junction A,18.5204,73.8567,0.2941,-1.0,105.0,14:00-15:00,0.0
UNKNOWN,No Helmet,2026-06-13 14:30:17,Junction A,18.5204,73.8567,0.2941,-1.0,105.0,14:00-15:00,0.0
UNKNOWN,No Helmet,2026-06-13 14:30:17,Junction A,18.5204,73.8567,0.2941,-1.0,105.0,14:00-15:00,0.0
UNKNOWN,No Helmet,2026-06-13 14:30:17,Junction A,18.5204,73.8567,0.2941,-1.0,105.0,14:00-15:00,0.0
UNKNOWN,No Helmet,2026-06-13 14:30:21,Junction A,18.5204,73.8567,0.3123,-1.0,108.0,14:00-15:00,0.0
UNKNOWN,No Helmet,2026-06-13 14:30:21,Junction A,18.5204,73.8567,0.4723,-1.0,108.0,14:00-15:00,0.0
UNKNOWN,No Helmet,2026-06-13 14:30:21,Junction A,18.5204,73.8567,0.4723,-1.0,108.0,14:00-15:00,0.0
UNKNOWN,No Helmet,2026-06-13 14:30:21,Junction A,18.5204,73.8567,0.4723,-1.0,108.0,14:00-15:00,0.0
UNKNOWN,No Helmet,2026-06-13 14:30:25,Junction A,18.5204,73.8567,0.5792,-1.0,111.0,14:00-15:00,0.0
UNKNOWN,No Helmet,2026-06-13 14:30:25,Junction A,18.5204,73.8567,0.4929,-1.0,111.0,14:00-15:00,0.0
UNKNOWN,No Helmet,2026-06-13 14:30:25,Junction A,18.5204,73.8567,0.4929,-1.0,111.0,14:00-15:00,0.0
UNKNOWN,No Helmet,2026-06-13 14:30:25,Junction A,18.5204,73.8567,0.4929,-1.0,111.0,14:00-15:00,0.0
UNKNOWN,No Helmet,2026-06-13 14:30:27,Junction A,18.5204,73.8567,0.5537,-1.0,114.0,14:00-15:00,0.0
UNKNOWN,No Helmet,2026-06-13 14:30:28,Junction A,18.5204,73.8567,0.3376,-1.0,114.0,14:00-15:00,0.0
UNKNOWN,No Helmet,2026-06-13 14:30:28,Junction A,18.5204,73.8567,0.3376,-1.0,114.0,14:00-15:00,0.0
UNKNOWN,No Helmet,2026-06-13 14:30:30,Junction A,18.5204,73.8567,0.6943,-1.0,117.0,14:00-15:00,0.0
UNKNOWN,No Helmet,2026-06-13 14:30:30,Junction A,18.5204,73.8567,0.2385,-1.0,117.0,14:00-15:00,0.0
UNKNOWN,No Helmet,2026-06-13 14:30:30,Junction A,18.5204,73.8567,0.2385,-1.0,117.0,14:00-15:00,0.0
UNKNOWN,No Helmet,2026-06-13 14:30:33,Junction A,18.5204,73.8567,0.3737,-1.0,120.0,14:00-15:00,0.0
UNKNOWN,No Helmet,2026-06-13 14:30:33,Junction A,18.5204,73.8567,0.4194,-1.0,120.0,14:00-15:00,0.0
UNKNOWN,No Helmet,2026-06-13 14:30:33,Junction A,18.5204,73.8567,0.1791,-1.0,120.0,14:00-15:00,0.0
UNKNOWN,No Helmet,2026-06-13 14:30:33,Junction A,18.5204,73.8567,0.4194,-1.0,120.0,14:00-15:00,0.0
UNKNOWN,No Helmet,2026-06-13 14:30:33,Junction A,18.5204,73.8567,0.1791,-1.0,120.0,14:00-15:00,0.0
UNKNOWN,No Helmet,2026-06-13 14:30:35,Junction A,18.5204,73.8567,0.6334,-1.0,123.0,14:00-15:00,0.0
UNKNOWN,No Helmet,2026-06-13 14:30:35,Junction A,18.5204,73.8567,0.2079,-1.0,123.0,14:00-15:00,0.0
UNKNOWN,Triple Riding,2026-06-13 14:31:18,Junction A,18.5204,73.8567,0.6221,2.0,3.0,14:00-15:00,3.0
UNKNOWN,Triple Riding,2026-06-13 14:31:18,Junction A,18.5204,73.8567,0.6221,11.0,3.0,14:00-15:00,3.0
UNKNOWN,No Helmet,2026-06-13 14:31:20,Junction A,18.5204,73.8567,0.467,-1.0,3.0,14:00-15:00,0.0
UNKNOWN,No Helmet,2026-06-13 14:31:22,Junction A,18.5204,73.8567,0.467,-1.0,3.0,14:00-15:00,0.0
UNKNOWN,Triple Riding,2026-06-13 14:31:39,Junction A,18.5204,73.8567,0.6221,2.0,3.0,14:00-15:00,3.0
UNKNOWN,Triple Riding,2026-06-13 14:31:40,Junction A,18.5204,73.8567,0.6221,11.0,3.0,14:00-15:00,3.0
UNKNOWN,Triple Riding,2026-06-13 14:31:40,Junction A,18.5204,73.8567,0.6221,20.0,3.0,14:00-15:00,3.0
UNKNOWN,No Helmet,2026-06-13 14:31:41,Junction A,18.5204,73.8567,0.467,-1.0,3.0,14:00-15:00,0.0
UNKNOWN,No Helmet,2026-06-13 14:31:42,Junction A,18.5204,73.8567,0.467,-1.0,3.0,14:00-15:00,0.0
UNKNOWN,No Helmet,2026-06-13 14:31:44,Junction A,18.5204,73.8567,0.467,-1.0,3.0,14:00-15:00,0.0
UNKNOWN,Triple Riding,2026-06-13 14:31:57,Junction A,18.5204,73.8567,0.6221,2.0,3.0,14:00-15:00,3.0
UNKNOWN,No Helmet,2026-06-13 14:31:58,Junction A,18.5204,73.8567,0.467,-1.0,3.0,14:00-15:00,0.0
UNKNOWN,Triple Riding,2026-06-13 14:32:18,Junction A,18.5204,73.8567,0.425,24.0,48.0,14:00-15:00,4.0
UNKNOWN,No Helmet,2026-06-13 14:32:28,Junction A,18.5204,73.8567,0.197,-1.0,66.0,14:00-15:00,0.0
UNKNOWN,No Helmet,2026-06-13 14:32:32,Junction A,18.5204,73.8567,0.2352,-1.0,72.0,14:00-15:00,0.0
UNKNOWN,No Helmet,2026-06-13 14:32:34,Junction A,18.5204,73.8567,0.2453,-1.0,75.0,14:00-15:00,0.0
UNKNOWN,No Helmet,2026-06-13 14:32:34,Junction A,18.5204,73.8567,0.2453,-1.0,75.0,14:00-15:00,0.0
UNKNOWN,No Helmet,2026-06-13 14:32:36,Junction A,18.5204,73.8567,0.3111,-1.0,78.0,14:00-15:00,0.0
UNKNOWN,Triple Riding,2026-06-13 14:49:24,Junction A,18.5204,73.8567,0.8165,5.0,3.0,14:00-15:00,3.0
UNKNOWN,Triple Riding,2026-06-13 14:49:24,Junction A,18.5204,73.8567,0.572,6.0,3.0,14:00-15:00,7.0
UNKNOWN,Triple Riding,2026-06-13 14:49:24,Junction A,18.5204,73.8567,0.5062,7.0,3.0,14:00-15:00,4.0
UNKNOWN,No Helmet,2026-06-13 14:49:25,Junction A,18.5204,73.8567,0.3095,-1.0,3.0,14:00-15:00,0.0
UNKNOWN,No Helmet,2026-06-13 14:49:26,Junction A,18.5204,73.8567,0.5054,-1.0,6.0,14:00-15:00,0.0
UNKNOWN,No Helmet,2026-06-13 14:49:28,Junction A,18.5204,73.8567,0.489,-1.0,9.0,14:00-15:00,0.0
UNKNOWN,No Helmet,2026-06-13 14:49:29,Junction A,18.5204,73.8567,0.5821,-1.0,12.0,14:00-15:00,0.0
UNKNOWN,No Helmet,2026-06-13 14:49:30,Junction A,18.5204,73.8567,0.5887,-1.0,15.0,14:00-15:00,0.0
UNKNOWN,No Helmet,2026-06-13 14:49:32,Junction A,18.5204,73.8567,0.1911,-1.0,18.0,14:00-15:00,0.0
UNKNOWN,No Helmet,2026-06-13 14:49:32,Junction A,18.5204,73.8567,0.1911,-1.0,18.0,14:00-15:00,0.0
UNKNOWN,No Helmet,2026-06-13 14:49:32,Junction A,18.5204,73.8567,0.4573,-1.0,18.0,14:00-15:00,0.0
UNKNOWN,Triple Riding,2026-06-13 14:49:33,Junction A,18.5204,73.8567,0.4817,14.0,21.0,14:00-15:00,3.0
UNKNOWN,No Helmet,2026-06-13 14:49:33,Junction A,18.5204,73.8567,0.2098,-1.0,21.0,14:00-15:00,0.0
UNKNOWN,No Helmet,2026-06-13 14:49:33,Junction A,18.5204,73.8567,0.2098,-1.0,21.0,14:00-15:00,0.0
UNKNOWN,No Helmet,2026-06-13 14:49:34,Junction A,18.5204,73.8567,0.5502,-1.0,21.0,14:00-15:00,0.0
UNKNOWN,No Helmet,2026-06-13 14:49:35,Junction A,18.5204,73.8567,0.2052,-1.0,24.0,14:00-15:00,0.0
UNKNOWN,No Helmet,2026-06-13 14:49:35,Junction A,18.5204,73.8567,0.2052,-1.0,24.0,14:00-15:00,0.0
UNKNOWN,No Helmet,2026-06-13 14:49:35,Junction A,18.5204,73.8567,0.5256,-1.0,24.0,14:00-15:00,0.0
UNKNOWN,No Helmet,2026-06-13 14:49:36,Junction A,18.5204,73.8567,0.2698,-1.0,27.0,14:00-15:00,0.0
UNKNOWN,No Helmet,2026-06-13 14:49:36,Junction A,18.5204,73.8567,0.2698,-1.0,27.0,14:00-15:00,0.0
UNKNOWN,No Helmet,2026-06-13 14:49:36,Junction A,18.5204,73.8567,0.4754,-1.0,27.0,14:00-15:00,0.0
UNKNOWN,No Helmet,2026-06-13 14:49:38,Junction A,18.5204,73.8567,0.3376,-1.0,30.0,14:00-15:00,0.0
UNKNOWN,No Helmet,2026-06-13 14:49:40,Junction A,18.5204,73.8567,0.6123,-1.0,33.0,14:00-15:00,0.0
UNKNOWN,No Helmet,2026-06-13 14:49:40,Junction A,18.5204,73.8567,0.6123,-1.0,33.0,14:00-15:00,0.0
UNKNOWN,No Helmet,2026-06-13 14:49:41,Junction A,18.5204,73.8567,0.5214,-1.0,36.0,14:00-15:00,0.0
UNKNOWN,No Helmet,2026-06-13 14:49:41,Junction A,18.5204,73.8567,0.5214,-1.0,36.0,14:00-15:00,0.0
UNKNOWN,No Helmet,2026-06-13 14:49:43,Junction A,18.5204,73.8567,0.6496,-1.0,39.0,14:00-15:00,0.0
UNKNOWN,No Helmet,2026-06-13 14:49:43,Junction A,18.5204,73.8567,0.6496,-1.0,39.0,14:00-15:00,0.0
UNKNOWN,No Helmet,2026-06-13 14:49:44,Junction A,18.5204,73.8567,0.1679,-1.0,42.0,14:00-15:00,0.0
UNKNOWN,No Helmet,2026-06-13 14:49:44,Junction A,18.5204,73.8567,0.1679,-1.0,42.0,14:00-15:00,0.0
UNKNOWN,No Helmet,2026-06-13 14:49:44,Junction A,18.5204,73.8567,0.5487,-1.0,42.0,14:00-15:00,0.0
UNKNOWN,No Helmet,2026-06-13 14:49:44,Junction A,18.5204,73.8567,0.5487,-1.0,42.0,14:00-15:00,0.0
UNKNOWN,No Helmet,2026-06-13 14:49:46,Junction A,18.5204,73.8567,0.1787,-1.0,45.0,14:00-15:00,0.0
UNKNOWN,No Helmet,2026-06-13 14:49:46,Junction A,18.5204,73.8567,0.1787,-1.0,45.0,14:00-15:00,0.0
UNKNOWN,No Helmet,2026-06-13 14:49:46,Junction A,18.5204,73.8567,0.5165,-1.0,45.0,14:00-15:00,0.0
UNKNOWN,No Helmet,2026-06-13 14:49:46,Junction A,18.5204,73.8567,0.5165,-1.0,45.0,14:00-15:00,0.0
UNKNOWN,Triple Riding,2026-06-13 14:49:47,Junction A,18.5204,73.8567,0.7664,6.0,48.0,14:00-15:00,5.0
UNKNOWN,No Helmet,2026-06-13 14:49:47,Junction A,18.5204,73.8567,0.268,-1.0,48.0,14:00-15:00,0.0
UNKNOWN,No Helmet,2026-06-13 14:49:47,Junction A,18.5204,73.8567,0.268,-1.0,48.0,14:00-15:00,0.0
UNKNOWN,No Helmet,2026-06-13 14:49:47,Junction A,18.5204,73.8567,0.2143,-1.0,48.0,14:00-15:00,0.0
UNKNOWN,No Helmet,2026-06-13 14:49:47,Junction A,18.5204,73.8567,0.2143,-1.0,48.0,14:00-15:00,0.0
UNKNOWN,No Helmet,2026-06-13 14:49:49,Junction A,18.5204,73.8567,0.2329,-1.0,51.0,14:00-15:00,0.0
UNKNOWN,No Helmet,2026-06-13 14:49:49,Junction A,18.5204,73.8567,0.1983,-1.0,51.0,14:00-15:00,0.0
UNKNOWN,No Helmet,2026-06-13 14:49:49,Junction A,18.5204,73.8567,0.1983,-1.0,51.0,14:00-15:00,0.0
UNKNOWN,No Helmet,2026-06-13 14:49:49,Junction A,18.5204,73.8567,0.2212,-1.0,51.0,14:00-15:00,0.0
UNKNOWN,No Helmet,2026-06-13 14:49:49,Junction A,18.5204,73.8567,0.2212,-1.0,51.0,14:00-15:00,0.0
UNKNOWN,No Helmet,2026-06-13 14:49:50,Junction A,18.5204,73.8567,0.4172,-1.0,54.0,14:00-15:00,0.0
UNKNOWN,No Helmet,2026-06-13 14:49:50,Junction A,18.5204,73.8567,0.4172,-1.0,54.0,14:00-15:00,0.0
UNKNOWN,No Helmet,2026-06-13 14:49:52,Junction A,18.5204,73.8567,0.1907,-1.0,57.0,14:00-15:00,0.0
UNKNOWN,No Helmet,2026-06-13 14:49:52,Junction A,18.5204,73.8567,0.1907,-1.0,57.0,14:00-15:00,0.0
UNKNOWN,Triple Riding,2026-06-13 14:49:53,Junction A,18.5204,73.8567,0.6834,7.0,60.0,14:00-15:00,3.0
UNKNOWN,No Helmet,2026-06-13 14:49:53,Junction A,18.5204,73.8567,0.2009,-1.0,60.0,14:00-15:00,0.0
UNKNOWN,No Helmet,2026-06-13 14:49:53,Junction A,18.5204,73.8567,0.425,-1.0,60.0,14:00-15:00,0.0
UNKNOWN,No Helmet,2026-06-13 14:49:53,Junction A,18.5204,73.8567,0.425,-1.0,60.0,14:00-15:00,0.0
UNKNOWN,No Helmet,2026-06-13 14:49:55,Junction A,18.5204,73.8567,0.4492,-1.0,63.0,14:00-15:00,0.0
UNKNOWN,No Helmet,2026-06-13 14:49:55,Junction A,18.5204,73.8567,0.4492,-1.0,63.0,14:00-15:00,0.0
UNKNOWN,No Helmet,2026-06-13 14:49:56,Junction A,18.5204,73.8567,0.4173,-1.0,66.0,14:00-15:00,0.0
UNKNOWN,No Helmet,2026-06-13 14:49:56,Junction A,18.5204,73.8567,0.4173,-1.0,66.0,14:00-15:00,0.0
UNKNOWN,No Helmet,2026-06-13 14:49:58,Junction A,18.5204,73.8567,0.3993,-1.0,69.0,14:00-15:00,0.0
UNKNOWN,No Helmet,2026-06-13 14:49:58,Junction A,18.5204,73.8567,0.3993,-1.0,69.0,14:00-15:00,0.0
UNKNOWN,No Helmet,2026-06-13 14:49:58,Junction A,18.5204,73.8567,0.4901,-1.0,69.0,14:00-15:00,0.0
UNKNOWN,No Helmet,2026-06-13 14:49:58,Junction A,18.5204,73.8567,0.4901,-1.0,69.0,14:00-15:00,0.0
UNKNOWN,No Helmet,2026-06-13 14:49:59,Junction A,18.5204,73.8567,0.5668,-1.0,72.0,14:00-15:00,0.0
UNKNOWN,No Helmet,2026-06-13 14:49:59,Junction A,18.5204,73.8567,0.5668,-1.0,72.0,14:00-15:00,0.0
UNKNOWN,No Helmet,2026-06-13 14:50:01,Junction A,18.5204,73.8567,0.479,-1.0,75.0,14:00-15:00,0.0
UNKNOWN,No Helmet,2026-06-13 14:50:01,Junction A,18.5204,73.8567,0.479,-1.0,75.0,14:00-15:00,0.0
UNKNOWN,No Helmet,2026-06-13 14:50:02,Junction A,18.5204,73.8567,0.1645,-1.0,78.0,14:00-15:00,0.0
UNKNOWN,No Helmet,2026-06-13 14:50:02,Junction A,18.5204,73.8567,0.1645,-1.0,78.0,14:00-15:00,0.0
UNKNOWN,No Helmet,2026-06-13 14:50:02,Junction A,18.5204,73.8567,0.1645,-1.0,78.0,14:00-15:00,0.0
UNKNOWN,Triple Riding,2026-06-13 14:50:03,Junction A,18.5204,73.8567,0.6457,8.0,81.0,14:00-15:00,3.0
UNKNOWN,Triple Riding,2026-06-13 14:50:03,Junction A,18.5204,73.8567,0.6521,9.0,81.0,14:00-15:00,3.0
UNKNOWN,No Helmet,2026-06-13 14:50:04,Junction A,18.5204,73.8567,0.3218,-1.0,81.0,14:00-15:00,0.0
UNKNOWN,No Helmet,2026-06-13 14:50:04,Junction A,18.5204,73.8567,0.3218,-1.0,81.0,14:00-15:00,0.0
UNKNOWN,No Helmet,2026-06-13 14:50:04,Junction A,18.5204,73.8567,0.3218,-1.0,81.0,14:00-15:00,0.0
UNKNOWN,No Helmet,2026-06-13 14:50:04,Junction A,18.5204,73.8567,0.3218,-1.0,81.0,14:00-15:00,0.0
UNKNOWN,No Helmet,2026-06-13 14:50:04,Junction A,18.5204,73.8567,0.3218,-1.0,81.0,14:00-15:00,0.0
UNKNOWN,No Helmet,2026-06-13 14:50:04,Junction A,18.5204,73.8567,0.3218,-1.0,81.0,14:00-15:00,0.0
UNKNOWN,No Helmet,2026-06-13 14:50:06,Junction A,18.5204,73.8567,0.1546,-1.0,84.0,14:00-15:00,0.0
UNKNOWN,No Helmet,2026-06-13 14:50:06,Junction A,18.5204,73.8567,0.2331,-1.0,84.0,14:00-15:00,0.0
UNKNOWN,No Helmet,2026-06-13 14:50:06,Junction A,18.5204,73.8567,0.1546,-1.0,84.0,14:00-15:00,0.0
UNKNOWN,No Helmet,2026-06-13 14:50:06,Junction A,18.5204,73.8567,0.2331,-1.0,84.0,14:00-15:00,0.0
UNKNOWN,No Helmet,2026-06-13 14:50:06,Junction A,18.5204,73.8567,0.1546,-1.0,84.0,14:00-15:00,0.0
UNKNOWN,No Helmet,2026-06-13 14:50:06,Junction A,18.5204,73.8567,0.2331,-1.0,84.0,14:00-15:00,0.0
UNKNOWN,No Helmet,2026-06-13 14:50:07,Junction A,18.5204,73.8567,0.3239,-1.0,87.0,14:00-15:00,0.0
UNKNOWN,No Helmet,2026-06-13 14:50:07,Junction A,18.5204,73.8567,0.1698,-1.0,87.0,14:00-15:00,0.0
UNKNOWN,No Helmet,2026-06-13 14:50:07,Junction A,18.5204,73.8567,0.3239,-1.0,87.0,14:00-15:00,0.0
UNKNOWN,No Helmet,2026-06-13 14:50:07,Junction A,18.5204,73.8567,0.1698,-1.0,87.0,14:00-15:00,0.0
UNKNOWN,No Helmet,2026-06-13 14:50:07,Junction A,18.5204,73.8567,0.3239,-1.0,87.0,14:00-15:00,0.0
UNKNOWN,No Helmet,2026-06-13 14:50:07,Junction A,18.5204,73.8567,0.1698,-1.0,87.0,14:00-15:00,0.0
UNKNOWN,No Helmet,2026-06-13 14:50:09,Junction A,18.5204,73.8567,0.3029,-1.0,90.0,14:00-15:00,0.0
UNKNOWN,No Helmet,2026-06-13 14:50:09,Junction A,18.5204,73.8567,0.2613,-1.0,90.0,14:00-15:00,0.0
UNKNOWN,No Helmet,2026-06-13 14:50:09,Junction A,18.5204,73.8567,0.2042,-1.0,90.0,14:00-15:00,0.0
UNKNOWN,No Helmet,2026-06-13 14:50:09,Junction A,18.5204,73.8567,0.3029,-1.0,90.0,14:00-15:00,0.0
UNKNOWN,No Helmet,2026-06-13 14:50:09,Junction A,18.5204,73.8567,0.2042,-1.0,90.0,14:00-15:00,0.0
UNKNOWN,No Helmet,2026-06-13 14:50:09,Junction A,18.5204,73.8567,0.3029,-1.0,90.0,14:00-15:00,0.0
UNKNOWN,No Helmet,2026-06-13 14:50:09,Junction A,18.5204,73.8567,0.3029,-1.0,90.0,14:00-15:00,0.0
UNKNOWN,No Helmet,2026-06-13 14:50:09,Junction A,18.5204,73.8567,0.3029,-1.0,90.0,14:00-15:00,0.0
UNKNOWN,No Helmet,2026-06-13 14:50:09,Junction A,18.5204,73.8567,0.3029,-1.0,90.0,14:00-15:00,0.0
UNKNOWN,Triple Riding,2026-06-13 14:50:10,Junction A,18.5204,73.8567,0.7035,6.0,93.0,14:00-15:00,6.0
UNKNOWN,No Helmet,2026-06-13 14:50:11,Junction A,18.5204,73.8567,0.1927,-1.0,93.0,14:00-15:00,0.0
UNKNOWN,No Helmet,2026-06-13 14:50:11,Junction A,18.5204,73.8567,0.1927,-1.0,93.0,14:00-15:00,0.0
UNKNOWN,No Helmet,2026-06-13 14:50:11,Junction A,18.5204,73.8567,0.1927,-1.0,93.0,14:00-15:00,0.0
UNKNOWN,No Helmet,2026-06-13 14:50:11,Junction A,18.5204,73.8567,0.1927,-1.0,93.0,14:00-15:00,0.0
UNKNOWN,No Helmet,2026-06-13 14:50:11,Junction A,18.5204,73.8567,0.1927,-1.0,93.0,14:00-15:00,0.0
UNKNOWN,No Helmet,2026-06-13 14:50:11,Junction A,18.5204,73.8567,0.1927,-1.0,93.0,14:00-15:00,0.0
UNKNOWN,No Helmet,2026-06-13 14:50:12,Junction A,18.5204,73.8567,0.3786,-1.0,96.0,14:00-15:00,0.0
UNKNOWN,No Helmet,2026-06-13 14:50:12,Junction A,18.5204,73.8567,0.1973,-1.0,96.0,14:00-15:00,0.0
UNKNOWN,No Helmet,2026-06-13 14:50:12,Junction A,18.5204,73.8567,0.3786,-1.0,96.0,14:00-15:00,0.0
UNKNOWN,No Helmet,2026-06-13 14:50:12,Junction A,18.5204,73.8567,0.1973,-1.0,96.0,14:00-15:00,0.0
UNKNOWN,No Helmet,2026-06-13 14:50:12,Junction A,18.5204,73.8567,0.3786,-1.0,96.0,14:00-15:00,0.0
UNKNOWN,No Helmet,2026-06-13 14:50:12,Junction A,18.5204,73.8567,0.3786,-1.0,96.0,14:00-15:00,0.0
UNKNOWN,No Helmet,2026-06-13 14:50:12,Junction A,18.5204,73.8567,0.3786,-1.0,96.0,14:00-15:00,0.0
UNKNOWN,No Helmet,2026-06-13 14:50:12,Junction A,18.5204,73.8567,0.3786,-1.0,96.0,14:00-15:00,0.0
UNKNOWN,No Helmet,2026-06-13 14:50:14,Junction A,18.5204,73.8567,0.4978,-1.0,99.0,14:00-15:00,0.0
UNKNOWN,No Helmet,2026-06-13 14:50:14,Junction A,18.5204,73.8567,0.2207,-1.0,99.0,14:00-15:00,0.0
UNKNOWN,No Helmet,2026-06-13 14:50:14,Junction A,18.5204,73.8567,0.4978,-1.0,99.0,14:00-15:00,0.0
UNKNOWN,No Helmet,2026-06-13 14:50:14,Junction A,18.5204,73.8567,0.2207,-1.0,99.0,14:00-15:00,0.0
UNKNOWN,No Helmet,2026-06-13 14:50:14,Junction A,18.5204,73.8567,0.4978,-1.0,99.0,14:00-15:00,0.0
UNKNOWN,No Helmet,2026-06-13 14:50:14,Junction A,18.5204,73.8567,0.4978,-1.0,99.0,14:00-15:00,0.0
UNKNOWN,No Helmet,2026-06-13 14:50:14,Junction A,18.5204,73.8567,0.4978,-1.0,99.0,14:00-15:00,0.0
UNKNOWN,No Helmet,2026-06-13 14:50:14,Junction A,18.5204,73.8567,0.4978,-1.0,99.0,14:00-15:00,0.0
UNKNOWN,No Helmet,2026-06-13 14:50:15,Junction A,18.5204,73.8567,0.3245,-1.0,102.0,14:00-15:00,0.0
UNKNOWN,No Helmet,2026-06-13 14:50:16,Junction A,18.5204,73.8567,0.4909,-1.0,102.0,14:00-15:00,0.0
UNKNOWN,No Helmet,2026-06-13 14:50:16,Junction A,18.5204,73.8567,0.169,-1.0,102.0,14:00-15:00,0.0
UNKNOWN,No Helmet,2026-06-13 14:50:16,Junction A,18.5204,73.8567,0.3245,-1.0,102.0,14:00-15:00,0.0
UNKNOWN,No Helmet,2026-06-13 14:50:16,Junction A,18.5204,73.8567,0.169,-1.0,102.0,14:00-15:00,0.0
UNKNOWN,No Helmet,2026-06-13 14:50:16,Junction A,18.5204,73.8567,0.3245,-1.0,102.0,14:00-15:00,0.0
UNKNOWN,No Helmet,2026-06-13 14:50:16,Junction A,18.5204,73.8567,0.3245,-1.0,102.0,14:00-15:00,0.0
UNKNOWN,No Helmet,2026-06-13 14:50:16,Junction A,18.5204,73.8567,0.3245,-1.0,102.0,14:00-15:00,0.0
UNKNOWN,No Helmet,2026-06-13 14:50:16,Junction A,18.5204,73.8567,0.3245,-1.0,102.0,14:00-15:00,0.0
UNKNOWN,No Helmet,2026-06-13 14:50:17,Junction A,18.5204,73.8567,0.2941,-1.0,105.0,14:00-15:00,0.0
UNKNOWN,No Helmet,2026-06-13 14:50:17,Junction A,18.5204,73.8567,0.6931,-1.0,105.0,14:00-15:00,0.0
UNKNOWN,No Helmet,2026-06-13 14:50:17,Junction A,18.5204,73.8567,0.1558,-1.0,105.0,14:00-15:00,0.0
UNKNOWN,No Helmet,2026-06-13 14:50:17,Junction A,18.5204,73.8567,0.2941,-1.0,105.0,14:00-15:00,0.0
UNKNOWN,No Helmet,2026-06-13 14:50:17,Junction A,18.5204,73.8567,0.1558,-1.0,105.0,14:00-15:00,0.0
UNKNOWN,No Helmet,2026-06-13 14:50:17,Junction A,18.5204,73.8567,0.2941,-1.0,105.0,14:00-15:00,0.0
UNKNOWN,No Helmet,2026-06-13 14:50:17,Junction A,18.5204,73.8567,0.2941,-1.0,105.0,14:00-15:00,0.0
UNKNOWN,No Helmet,2026-06-13 14:50:17,Junction A,18.5204,73.8567,0.2941,-1.0,105.0,14:00-15:00,0.0
UNKNOWN,No Helmet,2026-06-13 14:50:17,Junction A,18.5204,73.8567,0.2941,-1.0,105.0,14:00-15:00,0.0
UNKNOWN,No Helmet,2026-06-13 14:50:19,Junction A,18.5204,73.8567,0.3123,-1.0,108.0,14:00-15:00,0.0
UNKNOWN,No Helmet,2026-06-13 14:50:19,Junction A,18.5204,73.8567,0.1541,-1.0,108.0,14:00-15:00,0.0
UNKNOWN,No Helmet,2026-06-13 14:50:19,Junction A,18.5204,73.8567,0.4723,-1.0,108.0,14:00-15:00,0.0
UNKNOWN,No Helmet,2026-06-13 14:50:19,Junction A,18.5204,73.8567,0.1541,-1.0,108.0,14:00-15:00,0.0
UNKNOWN,No Helmet,2026-06-13 14:50:19,Junction A,18.5204,73.8567,0.4723,-1.0,108.0,14:00-15:00,0.0
UNKNOWN,No Helmet,2026-06-13 14:50:19,Junction A,18.5204,73.8567,0.4723,-1.0,108.0,14:00-15:00,0.0
UNKNOWN,No Helmet,2026-06-13 14:50:21,Junction A,18.5204,73.8567,0.5792,-1.0,111.0,14:00-15:00,0.0
UNKNOWN,No Helmet,2026-06-13 14:50:21,Junction A,18.5204,73.8567,0.4929,-1.0,111.0,14:00-15:00,0.0
UNKNOWN,No Helmet,2026-06-13 14:50:21,Junction A,18.5204,73.8567,0.4929,-1.0,111.0,14:00-15:00,0.0
UNKNOWN,No Helmet,2026-06-13 14:50:21,Junction A,18.5204,73.8567,0.4929,-1.0,111.0,14:00-15:00,0.0
UNKNOWN,No Helmet,2026-06-13 14:50:22,Junction A,18.5204,73.8567,0.5537,-1.0,114.0,14:00-15:00,0.0
UNKNOWN,No Helmet,2026-06-13 14:50:22,Junction A,18.5204,73.8567,0.3376,-1.0,114.0,14:00-15:00,0.0
UNKNOWN,No Helmet,2026-06-13 14:50:22,Junction A,18.5204,73.8567,0.3376,-1.0,114.0,14:00-15:00,0.0
UNKNOWN,No Helmet,2026-06-13 14:50:24,Junction A,18.5204,73.8567,0.6943,-1.0,117.0,14:00-15:00,0.0
UNKNOWN,No Helmet,2026-06-13 14:50:24,Junction A,18.5204,73.8567,0.2385,-1.0,117.0,14:00-15:00,0.0
UNKNOWN,No Helmet,2026-06-13 14:50:24,Junction A,18.5204,73.8567,0.2385,-1.0,117.0,14:00-15:00,0.0
UNKNOWN,No Helmet,2026-06-13 14:50:25,Junction A,18.5204,73.8567,0.3737,-1.0,120.0,14:00-15:00,0.0
UNKNOWN,No Helmet,2026-06-13 14:50:25,Junction A,18.5204,73.8567,0.4194,-1.0,120.0,14:00-15:00,0.0
UNKNOWN,No Helmet,2026-06-13 14:50:25,Junction A,18.5204,73.8567,0.1791,-1.0,120.0,14:00-15:00,0.0
UNKNOWN,No Helmet,2026-06-13 14:50:25,Junction A,18.5204,73.8567,0.4194,-1.0,120.0,14:00-15:00,0.0
UNKNOWN,No Helmet,2026-06-13 14:50:25,Junction A,18.5204,73.8567,0.1791,-1.0,120.0,14:00-15:00,0.0
UNKNOWN,No Helmet,2026-06-13 14:50:25,Junction A,18.5204,73.8567,0.6334,-1.0,123.0,14:00-15:00,0.0
UNKNOWN,No Helmet,2026-06-13 14:50:25,Junction A,18.5204,73.8567,0.1911,-1.0,123.0,14:00-15:00,0.0
UNKNOWN,No Helmet,2026-06-13 14:50:25,Junction A,18.5204,73.8567,0.2079,-1.0,123.0,14:00-15:00,0.0
UNKNOWN,No Helmet,2026-06-13 14:50:25,Junction A,18.5204,73.8567,0.2079,-1.0,123.0,14:00-15:00,0.0
UNKNOWN,No Helmet,2026-06-13 14:50:25,Junction A,18.5204,73.8567,0.1911,-1.0,123.0,14:00-15:00,0.0
UNKNOWN,Triple Riding,2026-06-13 14:50:26,Junction A,18.5204,73.8567,0.4722,93.0,126.0,14:00-15:00,3.0
UNKNOWN,Triple Riding,2026-06-13 14:50:26,Junction A,18.5204,73.8567,0.4988,167.0,126.0,14:00-15:00,3.0
UNKNOWN,No Helmet,2026-06-13 14:50:27,Junction A,18.5204,73.8567,0.2304,-1.0,126.0,14:00-15:00,0.0
UNKNOWN,No Helmet,2026-06-13 14:50:27,Junction A,18.5204,73.8567,0.2304,-1.0,126.0,14:00-15:00,0.0
UNKNOWN,No Helmet,2026-06-13 14:50:27,Junction A,18.5204,73.8567,0.3029,-1.0,126.0,14:00-15:00,0.0
UNKNOWN,No Helmet,2026-06-13 14:50:27,Junction A,18.5204,73.8567,0.3029,-1.0,126.0,14:00-15:00,0.0
UNKNOWN,No Helmet,2026-06-13 14:50:27,Junction A,18.5204,73.8567,0.2304,-1.0,126.0,14:00-15:00,0.0
UNKNOWN,No Helmet,2026-06-13 14:50:27,Junction A,18.5204,73.8567,0.2304,-1.0,126.0,14:00-15:00,0.0
UNKNOWN,No Helmet,2026-06-13 14:50:27,Junction A,18.5204,73.8567,0.2304,-1.0,126.0,14:00-15:00,0.0
UNKNOWN,No Helmet,2026-06-13 14:50:27,Junction A,18.5204,73.8567,0.2304,-1.0,126.0,14:00-15:00,0.0
UNKNOWN,No Helmet,2026-06-13 14:50:28,Junction A,18.5204,73.8567,0.6164,-1.0,129.0,14:00-15:00,0.0
UNKNOWN,No Helmet,2026-06-13 14:50:28,Junction A,18.5204,73.8567,0.2334,-1.0,129.0,14:00-15:00,0.0
UNKNOWN,No Helmet,2026-06-13 14:50:28,Junction A,18.5204,73.8567,0.2334,-1.0,129.0,14:00-15:00,0.0
UNKNOWN,No Helmet,2026-06-13 14:50:28,Junction A,18.5204,73.8567,0.2507,-1.0,129.0,14:00-15:00,0.0
UNKNOWN,No Helmet,2026-06-13 14:50:28,Junction A,18.5204,73.8567,0.2507,-1.0,129.0,14:00-15:00,0.0
UNKNOWN,No Helmet,2026-06-13 14:50:28,Junction A,18.5204,73.8567,0.2334,-1.0,129.0,14:00-15:00,0.0
UNKNOWN,No Helmet,2026-06-13 14:50:28,Junction A,18.5204,73.8567,0.2334,-1.0,129.0,14:00-15:00,0.0
UNKNOWN,No Helmet,2026-06-13 14:50:30,Junction A,18.5204,73.8567,0.4638,-1.0,132.0,14:00-15:00,0.0
UNKNOWN,No Helmet,2026-06-13 14:50:30,Junction A,18.5204,73.8567,0.2117,-1.0,132.0,14:00-15:00,0.0
UNKNOWN,No Helmet,2026-06-13 14:50:30,Junction A,18.5204,73.8567,0.2117,-1.0,132.0,14:00-15:00,0.0
UNKNOWN,No Helmet,2026-06-13 14:50:30,Junction A,18.5204,73.8567,0.4029,-1.0,132.0,14:00-15:00,0.0
UNKNOWN,No Helmet,2026-06-13 14:50:30,Junction A,18.5204,73.8567,0.4029,-1.0,132.0,14:00-15:00,0.0
UNKNOWN,No Helmet,2026-06-13 14:50:30,Junction A,18.5204,73.8567,0.2117,-1.0,132.0,14:00-15:00,0.0
UNKNOWN,No Helmet,2026-06-13 14:50:30,Junction A,18.5204,73.8567,0.2117,-1.0,132.0,14:00-15:00,0.0
UNKNOWN,No Helmet,2026-06-13 14:50:32,Junction A,18.5204,73.8567,0.2864,-1.0,135.0,14:00-15:00,0.0
UNKNOWN,No Helmet,2026-06-13 14:50:32,Junction A,18.5204,73.8567,0.1897,-1.0,135.0,14:00-15:00,0.0
UNKNOWN,No Helmet,2026-06-13 14:50:32,Junction A,18.5204,73.8567,0.1897,-1.0,135.0,14:00-15:00,0.0
UNKNOWN,No Helmet,2026-06-13 14:50:32,Junction A,18.5204,73.8567,0.4892,-1.0,135.0,14:00-15:00,0.0
UNKNOWN,No Helmet,2026-06-13 14:50:32,Junction A,18.5204,73.8567,0.4892,-1.0,135.0,14:00-15:00,0.0
UNKNOWN,No Helmet,2026-06-13 14:50:32,Junction A,18.5204,73.8567,0.1897,-1.0,135.0,14:00-15:00,0.0
UNKNOWN,No Helmet,2026-06-13 14:50:32,Junction A,18.5204,73.8567,0.1897,-1.0,135.0,14:00-15:00,0.0
UNKNOWN,Triple Riding,2026-06-13 14:50:33,Junction A,18.5204,73.8567,0.6233,6.0,138.0,14:00-15:00,4.0
UNKNOWN,No Helmet,2026-06-13 14:50:33,Junction A,18.5204,73.8567,0.4139,-1.0,138.0,14:00-15:00,0.0
UNKNOWN,No Helmet,2026-06-13 14:50:34,Junction A,18.5204,73.8567,0.1907,-1.0,138.0,14:00-15:00,0.0
UNKNOWN,No Helmet,2026-06-13 14:50:34,Junction A,18.5204,73.8567,0.1907,-1.0,138.0,14:00-15:00,0.0
UNKNOWN,No Helmet,2026-06-13 14:50:34,Junction A,18.5204,73.8567,0.4399,-1.0,138.0,14:00-15:00,0.0
UNKNOWN,No Helmet,2026-06-13 14:50:34,Junction A,18.5204,73.8567,0.4399,-1.0,138.0,14:00-15:00,0.0
UNKNOWN,No Helmet,2026-06-13 14:50:34,Junction A,18.5204,73.8567,0.1907,-1.0,138.0,14:00-15:00,0.0
UNKNOWN,No Helmet,2026-06-13 14:50:34,Junction A,18.5204,73.8567,0.1907,-1.0,138.0,14:00-15:00,0.0
UNKNOWN,No Helmet,2026-06-13 14:50:35,Junction A,18.5204,73.8567,0.3265,-1.0,141.0,14:00-15:00,0.0
UNKNOWN,No Helmet,2026-06-13 14:50:35,Junction A,18.5204,73.8567,0.2686,-1.0,141.0,14:00-15:00,0.0
UNKNOWN,No Helmet,2026-06-13 14:50:35,Junction A,18.5204,73.8567,0.2686,-1.0,141.0,14:00-15:00,0.0
UNKNOWN,No Helmet,2026-06-13 14:50:35,Junction A,18.5204,73.8567,0.3081,-1.0,141.0,14:00-15:00,0.0
UNKNOWN,No Helmet,2026-06-13 14:50:35,Junction A,18.5204,73.8567,0.3081,-1.0,141.0,14:00-15:00,0.0
UNKNOWN,No Helmet,2026-06-13 14:50:35,Junction A,18.5204,73.8567,0.2686,-1.0,141.0,14:00-15:00,0.0
UNKNOWN,No Helmet,2026-06-13 14:50:35,Junction A,18.5204,73.8567,0.2686,-1.0,141.0,14:00-15:00,0.0
UNKNOWN,No Helmet,2026-06-13 14:50:37,Junction A,18.5204,73.8567,0.5724,-1.0,144.0,14:00-15:00,0.0
UNKNOWN,No Helmet,2026-06-13 14:50:37,Junction A,18.5204,73.8567,0.3402,-1.0,144.0,14:00-15:00,0.0
UNKNOWN,No Helmet,2026-06-13 14:50:37,Junction A,18.5204,73.8567,0.3402,-1.0,144.0,14:00-15:00,0.0
UNKNOWN,No Helmet,2026-06-13 14:50:37,Junction A,18.5204,73.8567,0.4104,-1.0,144.0,14:00-15:00,0.0
UNKNOWN,No Helmet,2026-06-13 14:50:37,Junction A,18.5204,73.8567,0.4104,-1.0,144.0,14:00-15:00,0.0
UNKNOWN,No Helmet,2026-06-13 14:50:37,Junction A,18.5204,73.8567,0.3402,-1.0,144.0,14:00-15:00,0.0
UNKNOWN,No Helmet,2026-06-13 14:50:37,Junction A,18.5204,73.8567,0.3402,-1.0,144.0,14:00-15:00,0.0
UNKNOWN,Triple Riding,2026-06-13 14:51:37,Junction A,18.5204,73.8567,0.4677,12.0,9.0,14:00-15:00,3.0
UNKNOWN,Triple Riding,2026-06-13 14:51:56,Junction A,18.5204,73.8567,0.6297,68.0,69.0,14:00-15:00,3.0
UNKNOWN,Triple Riding,2026-06-13 14:51:59,Junction A,18.5204,73.8567,0.652,99.0,78.0,14:00-15:00,3.0
UNKNOWN,Triple Riding,2026-06-13 14:52:13,Junction A,18.5204,73.8567,0.574,99.0,123.0,14:00-15:00,3.0
UNKNOWN,No Helmet,2026-06-13 14:52:17,Junction A,18.5204,73.8567,0.1695,-1.0,135.0,14:00-15:00,0.0
UNKNOWN,Triple Riding,2026-06-13 14:52:29,Junction A,18.5204,73.8567,0.4407,99.0,171.0,14:00-15:00,3.0
MOHD,Plate Detection,2026-06-13 16:01:07,Junction A,18.5204,73.8567,0.7,-1.0,12.0,16:00-17:00,0.0
UNKNOWN,Triple Riding,2026-06-13 16:04:25,Junction A,18.5204,73.8567,0.3638,16.0,5.0,16:00-17:00,3.0
UNKNOWN,Triple Riding,2026-06-13 16:04:25,Junction A,18.5204,73.8567,0.3603,18.0,5.0,16:00-17:00,3.0
UNKNOWN,Triple Riding,2026-06-13 16:04:35,Junction A,18.5204,73.8567,0.7992,5.0,50.0,16:00-17:00,4.0
UNKNOWN,Triple Riding,2026-06-13 16:04:47,Junction A,18.5204,73.8567,0.4993,68.0,80.0,16:00-17:00,3.0
UNKNOWN,Triple Riding,2026-06-13 16:04:48,Junction A,18.5204,73.8567,0.6296,7.0,85.0,16:00-17:00,3.0
UNKNOWN,Triple Riding,2026-06-13 16:04:50,Junction A,18.5204,73.8567,0.6929,5.0,95.0,16:00-17:00,6.0
UNKNOWN,Triple Riding,2026-06-13 16:04:52,Junction A,18.5204,73.8567,0.4789,11.0,100.0,16:00-17:00,3.0
JULIKM,Plate Detection,2026-06-13 16:05:00,Junction A,18.5204,73.8567,0.7,-1.0,100.0,16:00-17:00,0.0
UNKNOWN,No Helmet,2026-06-13 16:05:35,badlapur,18.5204,73.8567,0.4137,-1.0,5.0,16:00-17:00,0.0
UNKNOWN,No Helmet,2026-06-13 16:05:37,badlapur,18.5204,73.8567,0.5937,-1.0,15.0,16:00-17:00,0.0
UNKNOWN,No Helmet,2026-06-13 16:05:40,badlapur,18.5204,73.8567,0.193,-1.0,25.0,16:00-17:00,0.0
UNKNOWN,No Helmet,2026-06-13 16:05:42,badlapur,18.5204,73.8567,0.4717,-1.0,35.0,16:00-17:00,0.0
UNKNOWN,No Helmet,2026-06-13 16:05:44,badlapur,18.5204,73.8567,0.1716,-1.0,45.0,16:00-17:00,0.0
UNKNOWN,No Helmet,2026-06-13 16:05:51,badlapur,18.5204,73.8567,0.4583,-1.0,55.0,16:00-17:00,0.0
UNKNOWN,No Helmet,2026-06-13 16:05:54,badlapur,18.5204,73.8567,0.463,-1.0,65.0,16:00-17:00,0.0
UNKNOWN,No Helmet,2026-06-13 16:05:56,badlapur,18.5204,73.8567,0.4686,-1.0,75.0,16:00-17:00,0.0
UNKNOWN,No Helmet,2026-06-13 16:05:58,badlapur,18.5204,73.8567,0.1567,-1.0,85.0,16:00-17:00,0.0
UNKNOWN,No Helmet,2026-06-13 16:06:01,badlapur,18.5204,73.8567,0.3303,-1.0,95.0,16:00-17:00,0.0
JULIKM,Plate Detection,2026-06-13 16:06:10,badlapur,18.5204,73.8567,0.7,-1.0,100.0,16:00-17:00,0.0
UNKNOWN,No Helmet,2026-06-13 16:06:11,badlapur,18.5204,73.8567,0.6956,-1.0,105.0,16:00-17:00,0.0
UNKNOWN,No Helmet,2026-06-13 16:06:13,badlapur,18.5204,73.8567,0.3638,-1.0,115.0,16:00-17:00,0.0
UNKNOWN,No Helmet,2026-06-13 16:06:16,badlapur,18.5204,73.8567,0.3713,-1.0,125.0,16:00-17:00,0.0
UNKNOWN,No Helmet,2026-06-13 16:06:18,badlapur,18.5204,73.8567,0.2935,-1.0,135.0,16:00-17:00,0.0
UNKNOWN,No Helmet,2026-06-13 16:06:21,badlapur,18.5204,73.8567,0.6634,-1.0,145.0,16:00-17:00,0.0
UNKNOWN,No Helmet,2026-06-13 16:06:29,badlapur,18.5204,73.8567,0.3944,-1.0,155.0,16:00-17:00,0.0
UNKNOWN,No Helmet,2026-06-13 16:06:32,badlapur,18.5204,73.8567,0.5007,-1.0,165.0,16:00-17:00,0.0
UNKNOWN,No Helmet,2026-06-13 16:06:34,badlapur,18.5204,73.8567,0.4399,-1.0,175.0,16:00-17:00,0.0
UNKNOWN,No Helmet,2026-06-13 16:06:36,badlapur,18.5204,73.8567,0.5781,-1.0,185.0,16:00-17:00,0.0
UNKNOWN,No Helmet,2026-06-13 16:06:39,badlapur,18.5204,73.8567,0.3902,-1.0,195.0,16:00-17:00,0.0
UNKNOWN,No Helmet,2026-06-13 16:10:54,kalyan,,,,,,16:00-17:00,0.0
JULIKM,Plate Detection,2026-06-13 16:11:25,kalyan,,,,,,16:00-17:00,0.0
UNKNOWN,No Helmet,2026-06-14 15:38:39, A,,,,,,15:00-16:00,0.0
HELMET,Plate Detection,2026-06-14 15:40:04, A,,,,,,15:00-16:00,0.0
21,Plate Detection,2026-06-14 15:40:04, A,,,,,,15:00-16:00,0.0
MARMAL2,Plate Detection,2026-06-16 00:53:58,Junction A,,,,,,00:00-01:00,0.0
POLICU,Plate Detection,2026-06-16 00:54:16,Junction A,,,,,,00:00-01:00,0.0
NORMAL,Plate Detection,2026-06-16 00:54:16,Junction A,,,,,,00:00-01:00,0.0
MP04RB0693,Plate Detection,2026-06-16 00:56:16,Junction A,,,,,,00:00-01:00,0.0
UNKNOWN,No Helmet,2026-06-17 01:59:24,Andheri,,,,,,01:00-02:00,0.0
UNKNOWN,No Helmet,2026-06-17 02:14:19,Vashi,,,,,,02:00-03:00,0.0
UNKNOWN,No Helmet,2026-06-17 02:14:23,Vashi,,,,,,02:00-03:00,0.0
UNKNOWN,No Helmet,2026-06-17 02:15:42,Vashi,,,,,,02:00-03:00,0.0
786HP07I6,No Helmet,2026-06-17 02:15:45,Vashi,,,,,,02:00-03:00,0.0
UNKNOWN,No Helmet,2026-06-17 02:16:23,Vashi,,,,,,02:00-03:00,0.0
UNKNOWN,Triple Riding,2026-06-17 02:31:38,Andheri,,,,,,02:00-03:00,3.0
UNKNOWN,No Helmet,2026-06-17 02:37:07,Thane,,,,,,02:00-03:00,0.0
UNKNOWN,No Helmet,2026-06-17 02:37:08,Thane,,,,,,02:00-03:00,0.0
UNKNOWN,No Helmet,2026-06-17 02:37:08,Thane,,,,,,02:00-03:00,0.0
UNKNOWN,No Helmet,2026-06-17 02:39:16,Thane,,,,,,02:00-03:00,0.0
UNKNOWN,No Helmet,2026-06-17 02:39:59,Thane,,,,,,02:00-03:00,0.0
UNKNOWN,No Helmet,2026-06-17 02:40:15,Thane,,,,,,02:00-03:00,0.0
9922Y0,Triple Riding,2026-06-17 02:48:03,Thane,,,,,,02:00-03:00,3.0
UNKNOWN,No Helmet,2026-06-17 02:48:06,Thane,,,,,,02:00-03:00,0.0
86HP,No Helmet,2026-06-17 03:01:00,Andheri,,,,,,03:00-04:00,0.0
UNKNOWN,No Helmet,2026-06-17 03:01:01,Andheri,,,,,,03:00-04:00,0.0
UNKNOWN,No Helmet,2026-06-17 03:01:03,Andheri,,,,,,03:00-04:00,0.0
67862,No Helmet,2026-06-17 03:01:19,Andheri,,,,,,03:00-04:00,0.0
UNKNOWN,No Helmet,2026-06-17 03:02:00,Andheri,,,,,,03:00-04:00,0.0
UNKNOWN,No Helmet,2026-06-17 03:02:10,Andheri,,,,,,03:00-04:00,0.0
UNKNOWN,No Helmet,2026-06-17 03:04:28,Andheri,,,,,,03:00-04:00,0.0
UNKNOWN,No Helmet,2026-06-17 03:04:30,Andheri,,,,,,03:00-04:00,0.0
UNKNOWN,No Helmet,2026-06-17 03:07:16,Andheri,,,,,,03:00-04:00,0.0
UNKNOWN,No Helmet,2026-06-17 03:19:39,Malad,,,,,,03:00-04:00,0.0
UNKNOWN,No Helmet,2026-06-17 03:20:55,Malad,,,,,,03:00-04:00,0.0
UNKNOWN,No Helmet,2026-06-17 03:21:31,Malad,,,,,,03:00-04:00,0.0
UNKNOWN,No Helmet,2026-06-17 03:22:31,Malad,,,,,,03:00-04:00,0.0
UNKNOWN,Triple Riding,2026-06-17 03:26:11,Malad,,,,,,03:00-04:00,5.0
UNKNOWN,No Helmet,2026-06-17 03:26:12,Malad,,,,,,03:00-04:00,0.0
UNKNOWN,No Helmet,2026-06-17 03:26:15,Malad,,,,,,03:00-04:00,0.0
UNKNOWN,No Helmet,2026-06-17 03:26:16,Malad,,,,,,03:00-04:00,0.0
UNKNOWN,No Helmet,2026-06-17 03:26:17,Malad,,,,,,03:00-04:00,0.0
UNKNOWN,No Helmet,2026-06-17 03:33:02,Andheri,,,,,,03:00-04:00,0.0
UNKNOWN,No Helmet,2026-06-17 03:33:47,Andheri,,,,,,03:00-04:00,0.0
23446DAH,No Helmet,2026-06-17 20:37:15,Andheri,,,,,,20:00-21:00,0.0
23446DAH,No Helmet,2026-06-17 20:37:16,Andheri,,,,,,20:00-21:00,0.0
UNKNOWN,No Helmet,2026-06-17 20:43:15,Andheri,,,,,,20:00-21:00,0.0
UNKNOWN,No Helmet,2026-06-17 20:43:36,Andheri,,,,,,20:00-21:00,0.0
UNKNOWN,No Helmet,2026-06-17 20:43:46,Andheri,,,,,,20:00-21:00,0.0
UNKNOWN,No Helmet,2026-06-17 20:44:32,Andheri,,,,,,20:00-21:00,0.0
UNKNOWN,No Helmet,2026-06-17 20:46:36,Andheri,,,,,,20:00-21:00,0.0
UNKNOWN,No Helmet,2026-06-17 20:52:13,Andheri,,,,,,20:00-21:00,0.0
MP04207116,No Helmet,2026-06-17 20:55:43,Andheri,,,,,,20:00-21:00,0.0
04ME,No Helmet,2026-06-17 20:55:48,Andheri,,,,,,20:00-21:00,0.0
UNKNOWN,No Helmet,2026-06-17 20:55:53,Andheri,,,,,,20:00-21:00,0.0
UNKNOWN,No Helmet,2026-06-17 20:56:01,Andheri,,,,,,20:00-21:00,0.0
MP7116,No Helmet,2026-06-17 20:56:51,Andheri,,,,,,20:00-21:00,0.0
UNKNOWN,No Helmet,2026-06-17 20:59:04,Andheri,,,,,,20:00-21:00,0.0
UNKNOWN,No Helmet,2026-06-17 20:59:39,Andheri,,,,,,20:00-21:00,0.0
MH01DP1234,No Helmet,2026-06-17 21:00:42,Andheri,,,,,,21:00-22:00,0.0
MH01DP1234,No Helmet,2026-06-17 21:06:36,Andheri,,,,,,21:00-22:00,0.0
UNKNOWN,Triple Riding,2026-06-17 21:06:54,Andheri,,,,,,21:00-22:00,5.0
UNKNOWN,No Helmet,2026-06-17 21:06:55,Andheri,,,,,,21:00-22:00,0.0
650X40C,No Helmet,2026-06-17 21:07:00,Andheri,,,,,,21:00-22:00,0.0
UNKNOWN,No Helmet,2026-06-17 21:07:05,Andheri,,,,,,21:00-22:00,0.0
UNKNOWN,No Helmet,2026-06-17 21:07:10,Andheri,,,,,,21:00-22:00,0.0
UNKNOWN,No Helmet,2026-06-17 21:10:19,Andheri,,,,,,21:00-22:00,0.0
UNKNOWN,No Helmet,2026-06-17 21:11:31,Andheri,,,,,,21:00-22:00,0.0
UNKNOWN,Triple Riding,2026-06-17 21:37:23,Andheri,,,,,,21:00-22:00,3.0
UNKNOWN,No Helmet,2026-06-17 21:37:30,Andheri,,,,,,21:00-22:00,0.0
UNKNOWN,No Helmet,2026-06-17 21:37:37,Andheri,,,,,,21:00-22:00,0.0
UNKNOWN,No Helmet,2026-06-17 21:37:43,Andheri,,,,,,21:00-22:00,0.0
UNKNOWN,Triple Riding,2026-06-17 21:38:58,Andheri,,,,,,21:00-22:00,3.0
MP0ZZO7116,No Helmet,2026-06-17 21:41:19,Andheri,,,,,,21:00-22:00,0.0
UNKNOWN,No Helmet,2026-06-17 21:41:23,Andheri,,,,,,21:00-22:00,0.0
UNKNOWN,No Helmet,2026-06-17 21:41:28,Andheri,,,,,,21:00-22:00,0.0
UNKNOWN,No Helmet,2026-06-17 21:41:31,Andheri,,,,,,21:00-22:00,0.0
MP04Z07116,No Helmet,2026-06-17 21:42:21,Andheri,,,,,,21:00-22:00,0.0
UNKNOWN,No Helmet,2026-06-17 21:42:50,Andheri,,,,,,21:00-22:00,0.0
UNKNOWN,No Helmet,2026-06-17 21:43:20,Andheri,,,,,,21:00-22:00,0.0
UNKNOWN,No Helmet,2026-06-17 21:43:52,Andheri,,,,,,21:00-22:00,0.0
UNKNOWN,No Helmet,2026-06-17 21:44:22,Andheri,,,,,,21:00-22:00,0.0
UNKNOWN,No Helmet,2026-06-17 21:45:02,Andheri,,,,,,21:00-22:00,0.0
UNKNOWN,No Helmet,2026-06-17 21:45:45,Andheri,,,,,,21:00-22:00,0.0
UNKNOWN,No Helmet,2026-06-17 21:46:01,Andheri,,,,,,21:00-22:00,0.0
MH01DP1234,No Helmet,2026-06-17 21:47:10,Andheri,,,,,,21:00-22:00,0.0
